sample_idx,fullId,class_name,has_material_prior,pred_weight,true_weight
0,wss.b3bdb6c331467aeeff643b6971c915c2,LightSwitch,1.0,0.79049671,0.33517390
1,wss.aa122afea2dcf725db039d8689a74349,ChestOfDrawers,1.0,12.53468132,14.38363457
2,wss.269ae0221eecb3303d098fcb46b95c,ChestOfDrawers,1.0,73.60774994,137.39274597
3,wss.4906af610cc540c69086991647bb65f6,PottedPlant,1.0,12.78599167,13.94050980
4,wss.3e37ad9269a5555e7e22b6256c5bf7ec,TV,1.0,20.27568245,29.49123383
5,wss.77cf056c6beffa5e3b6eb1ba4e121206,Chair,1.0,13.11067581,19.00398254
6,wss.3084dcbd0a28399170ad2e9733c71638,ChestOfDrawers,1.0,71.81440735,110.28031158
7,wss.4a5f9a0672cf3a1fad5067eac75a07f7,Bench,1.0,8.59847546,8.47500038
8,wss.e8d0dda8521d3ffb35836c728d324152,WallArt,1.0,21.84067917,28.75254059
9,wss.9764146fdae97d0eaaf573fd4e7b2f39,Cabinet,1.0,79.61138153,100.27111053
10,wss.32aa22ac33e70514423ffffa14d375e6,Rug,1.0,62.74866486,89.48880005
11,wss.7c907a3bb4c380081681a637b68c2e0b,Lamp,1.0,24.11809540,25.86697006
12,wss.c83073e02e70410a35836c728d324152,Lamp,1.0,4.48501205,4.57434034
13,wss.37a0450d563c75fee6fd37924022d82,_StanfordSceneDBModels,1.0,15.70882893,14.48447132
14,wss.441cbeb535871b95a03193883145ea67,Bench,1.0,10.91629410,4.00200033
15,wss.7bf151a073013cf35836c728d324152,Lamp,1.0,15.41233158,22.86602783
16,wss.c61fb2d0f5e3daa5edd4171cd40b3feb,_StanfordSceneDBModels,1.0,2.10783768,5.30211353
17,wss.23fe8ffecb37222b323ad87fe7d4deee,Table,1.0,16.88324356,15.14253044
18,wss.499edbd7de3e7423bb865c00ef25280,Couch,1.0,251.94404602,340.11270142
19,wss.e8aa9f355e868741b90e13b20a8dfddb,Lamp,1.0,5.43905735,4.56804657
20,wss.a8de306413cc4603cf004563556ddb36,Lamp,1.0,40.98739624,38.29420471
21,wss.2734adb893d49b34542674283bd5ef10,Lamp,1.0,6.25441694,8.15022087
22,wss.49ce47fb353f3460dd42083791b3d3a8,WallArt,1.0,31.03238106,27.79104805
23,wss.e01e415ba7873c67d810b14a81e12eca,Table,1.0,8.94528103,9.06370544
24,wss.26316fabe129210317fad902853ecfd7,Lamp,1.0,47.97086716,80.68782806
25,wss.f81a377a3c0fa9f711fc2b865c2a185b,ChestOfDrawers,1.0,53.18199539,65.61966705
26,wss.572d80aa3cae652261dc130c8164dfeb,WallArt,1.0,20.60233307,20.48661613
27,wss.61d9def9b2df3e40dc6f96c9bb9e3ae6,Table,1.0,7.41693068,6.98653603
28,wss.65b21a2af8709510f91663a74ccd2338,Chair,1.0,25.22699356,29.55780220
29,wss.2a56e3e2a6505ec492d9da2668ec34c,Chair,1.0,23.95769501,26.75648117
30,wss.cc7c12306cc3785fe15a365ae69dc5c5,PottedPlant,1.0,6.48805428,4.49426365
31,wss.deaa26bac4809cdbe69433742d227857,Vase,1.0,4.89695549,6.36726999
32,wss.a75272a27aad1c64899bad344dc01f2f,Lamp,1.0,10.46296024,7.95592499
33,wss.ea3ab47bb903e83c39d46a6a75d7ce8f,PottedPlant,1.0,28.81089973,22.99371719
34,wss.b46a47f5724ac3e698d5fc0473d00a1c,WallArt,1.0,30.92499924,44.64339447
35,wss.127aff49c9378499ae685ca100c909e8,Lamp,1.0,6.18063784,6.15665197
36,wss.7746997b8cfd8d11f4718731863dd64d,Bottle,1.0,1.17067146,1.21926618
37,wss.ece7f04700c5767a4cbf9a02e3342127,Table,1.0,6.91264343,6.22479534
38,wss.3ab7d894293dff6bc5bf424b15c73f47,ChestOfDrawers,1.0,61.39134979,55.45433044
39,wss.fa6636dfa85cd625f63376552552931f,Chair,1.0,29.83717537,37.29016495
40,wss.13335c01414d6fd85af897847a7513ca,Book,1.0,1.59220695,1.15640020
41,wss.5c9b4af9d0e9c132b161f36d4e309050,Chair,1.0,17.52589417,19.00042915
42,wss.16e2dcf80c8442b7796eef4bbed8ce96,Lamp,1.0,5.91014528,4.64973354
43,wss.3427dd9d5fcfa955a991482043bca7ea,TV,1.0,24.24543381,24.12377930
44,wss.d71cbfe489b9ece2ebe906a61d0c309d,Toilet,1.0,50.23889542,64.03907776
45,wss.ad64ff0a281c92b7eb895521e4d63cbe,Vase,1.0,8.12380981,8.38160133
46,wss.2cc4f4ee607298da4e49f891eed4593b,PottedPlant,1.0,11.68681049,11.86087704
47,wss.609cfbe0dd76c64042e1bb4fe264125f,Chair,1.0,28.29160500,36.38402557
48,wss.75c56eac6eee2a82c04ea93c895f88f6,Lamp,1.0,17.60096550,12.86146927
49,wss.71579e02d0b80bcfccebba9929a10b5e,Couch,1.0,190.71575928,201.87008667
50,wss.f5b682cabede450d1191025061735ea3,Table,1.0,13.13140106,16.59302330
51,wss.c7b08ff4c687b3ce98d5fc0473d00a1c,Stool,1.0,14.43416023,12.72341442
52,wss.d8b70c1842e44d586e2e087f323d08e7,Desk,1.0,30.75190544,26.32860184
53,wss.8affea22019b77a1f1783a44a88d6274,Couch,1.0,225.78894043,357.25659180
54,wss.eeef39917dd113e053624ac0db0f7e5b,Chair,1.0,21.18426704,24.95841789
55,wss.cd482673836d8226dd9883c7f68926c8,PottedPlant,1.0,1.61105967,0.74296308
56,wss.e9adeeceafb03e47bca2517807e5432f,Lamp,1.0,7.78740215,9.41124916
57,wss.1482036d8ce3b51ffc0035da39bd5e1,Table,1.0,13.43032360,16.57205200
58,wss.742e14aa241feab67efcee988123ee4c,Book,1.0,0.38018292,0.25549990
59,wss.dde3b4bb9fb1ad25e0d089cf3411494c,Lamp,1.0,4.22671366,3.83070946
60,wss.144adb2c599ab09698d5fc0473d00a1c,Bookcase,1.0,26.42276382,28.72501564
61,wss.a911474d0fa043e3cf004563556ddb36,Lamp,1.0,22.53771210,27.90699959
62,wss.5e6f7f431849bbe0c6c26cf9fb269c88,WallArt,1.0,19.03600121,20.39407730
63,wss.b58efcf2d82f08a68c4f202fffc87396,Bed,1.0,108.50112152,154.41392517
64,wss.14cbef4f4a67e57a4cf9c858305a22f8,Lamp,1.0,9.16729736,11.20622349
65,wss.fd074c0819b9934f73b8ea30c1700f67,Lamp,1.0,8.86223221,12.63360405
66,wss.36980a6d57dac873d206493eaec9688a,Couch,1.0,199.73368835,209.54371643
67,wss.cc675acfc16aadbf295843f82ebc947e,Chair,1.0,49.37681961,102.75582123
68,wss.fadd7d8c94893136e4b1c2efb094888b,Couch,1.0,185.28677368,161.37919617
69,wss.6a20911ef197f358efa66822a012535e,Chair,1.0,27.37364960,28.92054176
70,wss.466ed029d1acae054199ce3660e593e,Table,1.0,37.16453552,31.54930878
71,wss.f9a4028aa416c67c2c32a0a3fa43160f,Chair,1.0,93.07022858,97.89352417
72,wss.18f89969ab232ba7b822d48a43773c62,Couch,1.0,123.07114410,141.01966858
73,wss.c3310719718a5935fcb8d8c6d4df8143,Lamp,1.0,14.73577595,26.84936523
74,wss.e9c8c5114766752b9f956af49b33edf3,PottedPlant,1.0,15.86632538,13.89905071
75,wss.92dd4a5efaf2a1702d7a27ffaafaaddb,PottedPlant,1.0,25.23172760,19.23246384
76,wss.61cdd656fd957a55391e4d6c585a697a,ChestOfDrawers,1.0,102.53781891,157.27082825
77,wss.258867fb919719fdf91663a74ccd2338,Chair,1.0,11.81109238,13.05428314
78,wss.176331ab6542bd406e3c8a33c4ddf2ef,Table,1.0,25.78001404,17.41852188
79,wss.41c5a45c63f07f46c1c74fb098c415cf,Lamp,1.0,9.92002010,14.93820000
80,wss.c74633913246731998d5fc0473d00a1c,Cabinet,1.0,56.05196381,38.10677719
81,wss.65a09c8fc201a29411053a770408f0d,Cabinet,1.0,94.13449097,156.89483643
82,wss.9cff96bae9963ceab3c971099efd7fb9,Couch,1.0,170.86190796,208.69308472
83,wss.a97dd370e7fff4c9e5243deefb5f99eb,Table,1.0,22.07276154,28.30016899
84,wss.6519a8929afa98739de171e0db680498,Vase,1.0,4.33226013,4.16831350
85,wss.a8ddbd8c9cdb3088d2eebe596133133e,Hat,1.0,2.30754328,1.50319505
86,wss.52a1d94c8938fbad5541ea5186501f98,TV,1.0,25.29152298,30.70164108
87,wss.e157bbb54d5a2ffdd6944324b21393b5,Table,1.0,30.04525566,26.30354118
88,wss.4b89230dc93401f6ee6badef079d1381,Lamp,1.0,41.49925995,55.41630554
89,wss.8e825134834382516f90a3d17cade0da,Table,1.0,24.77722168,22.46714783
90,wss.43569dc880494256b40f0ac0fb9a650d,Chair,1.0,19.89884377,16.73567963
91,wss.802627f94f7b36a882ec48ff3a4fe07c,Cabinet,1.0,36.38857269,61.47462082
92,wss.350faadd1c52dffbc95f95e8112778e2,Lamp,1.0,5.14404583,7.32822132
93,wss.7defd06ff696410f70a43c2d978e502e,Chair,1.0,9.36146164,11.49193573
94,wss.584233a234c0d10dbde0361c27a5bd42,Table,1.0,21.27202225,17.83043480
95,wss.79d3e3b0eec3b091232dbd6edd2fe625,Lamp,1.0,8.35271358,16.87275314
96,wss.3928ff39e32dbddbf91663a74ccd2338,Chair,1.0,11.03829861,11.10934639
97,wss.dbf5f0ce7991e8c87028a76585fa5242,Lamp,1.0,19.73413086,25.70144272
98,wss.6e12481d3158dd4e8f8c11a24c52ebb,Chair,1.0,19.41208458,20.60067558
99,wss.72bce549b6116af15fba81ecc9c563ff,Cabinet,1.0,69.58649445,61.18824768
100,wss.b92290c9eecc9eb6d7b294ba15caa94a,Desk,1.0,67.22914124,72.46801758
101,wss.da2c1eaa7e65676e8af30108ea9ccb6c,WallArt,1.0,14.58278370,32.56624603
102,wss.eda881a6ea96da8a46874ce99dea28d5,Couch,1.0,188.59228516,283.81359863
103,wss.770df0065c50c19dd884646143528886,Vase,1.0,9.22212410,10.48824310
104,wss.111cb08c8121b8411749672386e0b711,Chair,1.0,19.84680939,10.68529892
105,wss.1844a4ed0ff7ed38c2474c54a2e772f2,ChestOfDrawers,1.0,9.75975513,9.66742420
106,wss.67948a2e43af2e36346ba48cc67751fb,PottedPlant,1.0,19.77303696,23.58245087
107,wss.cc26d553c9e1362b4bfb719276d850d9,ChestOfDrawers,1.0,7.40010262,7.00353146
108,wss.ccd03d11c95554bae4aef3a037da6f67,TV,1.0,32.63656616,31.62928391
109,wss.68d8a138f5b6c437ff2e373e12f9852b,Stool,1.0,11.63149643,11.00424957
110,wss.ece476ee957a099f5c5fd2c2f381b61,Desk,1.0,32.67404175,28.55520248
111,wss.ebeded60d08642e3855931d119219022,Table,1.0,16.09613037,14.82793140
112,wss.6e6801ca4a03a1adc672720c52b0e374,ChestOfDrawers,1.0,44.76515579,46.92359161
113,wss.d2b45cdfcfb75861eca6b4e05d53da1a,Vase,1.0,8.00153446,6.81936932
114,wss.cf07c06034a7b361e3f7a74e12a274ef,Desk,1.0,20.30171967,26.25120163
115,wss.4446234d12158c42b161f36d4e309050,Chair,1.0,50.82929993,46.27453613
116,wss.76e4ce633da40c7c79c6f641119e614e,Lamp,1.0,3.53318119,4.71107960
117,wss.56e4cf075142f03ab610b0c94236463,Chair,1.0,23.62356377,20.59949112
118,wss.2894cc5460c61117f46d6fc43de3fc46,Table,1.0,17.82981110,16.61567688
119,wss.f6a08ec163a037c310b3ff08c68acccf,TV,1.0,31.72516632,23.12668228
120,wss.6faabc828e25c2c9a5d69272402ec10d,Table,1.0,45.87659073,26.72467613
121,wss.605ddd207eed0d81414aaa1b9210e59a,Lamp,1.0,4.05974436,5.87289524
122,wss.53bc49f45214d8d6ea73a64ae4344bc3,Table,1.0,6.09103346,4.17363310
123,wss.335ceaddbef4e448ea3853b778cc0c9a,Picture,1.0,19.36421394,13.99267101
124,wss.f1a956705451d66ee95eb670e9df38e4,Couch,1.0,231.22886658,313.46405029
125,wss.3f3eab569c8bcfcb7697d9c3588bbfc5,WallArt,1.0,12.20110512,13.20065880
126,wss.8aaab0bc8f65c414738e43095496b061,Desk,1.0,16.77862549,22.56360245
127,wss.dd3f4ae0df3ea89e98d5fc0473d00a1c,Table,1.0,64.12265015,56.44094849
128,wss.ddc2beaa04d1b06f5fa701976706a45a,Lamp,1.0,6.97467041,4.49435997
129,wss.2ede33c4ad24358f943e543793e94a2d,TV,1.0,19.34052467,23.14900589
130,wss.87c7911287c10ab8407b28046774089c,Couch,1.0,236.43557739,337.79998779
131,wss.5eadc7b99d994837284bf02a6c1efe2c,Chair,1.0,13.21250057,19.84141731
132,wss.2902625d2032f0f8bd5c01a421942c8d,ChestOfDrawers,1.0,73.62575531,69.00392914
133,wss.5c63abf37622497759f9892433e1b1f4,Vase,1.0,11.00978851,11.04685783
134,wss.897aee5faa3983bcac6ef96822ce6a35,Chair,1.0,16.07167244,16.26070023
135,wss.b6a810f92dd9d2e635836c728d324152,Chair,1.0,18.29071808,23.57019806
136,wss.d9574d3ec88a6807e3f7a74e12a274ef,Curtain,1.0,27.08427620,31.89957428
137,wss.21fb701c200d18894da5feafe6f1c8fc,Cabinet,1.0,72.90652466,97.53507996
138,wss.a9995482be778838738e43095496b061,Cabinet,1.0,49.73740387,43.72739792
139,wss.8fe70b11448dfeef2369c46027bce7af,Cabinet,1.0,65.99877167,63.59084702
140,wss.6a311b1416a53f87697ad7b0fe6813db,Table,1.0,6.83654356,3.65853572
141,wss.6f36520144753550f91663a74ccd2338,Chair,1.0,15.31789017,18.99687195
142,wss.7634fbdcaa6b304d62c83ac1e3a4ebaa,Lamp,1.0,49.01959229,61.10219574
143,wss.2d08ccee14ca7781d8eae9bce48bbeed,Candle,1.0,1.01169515,0.59039986
144,wss.6e51501eee677f7f73b3b0e3e8724599,WallArt,1.0,47.36625290,108.91464996
145,wss.415a96bfbb45b3ee35836c728d324152,Vase,1.0,6.28326511,6.35543537
146,wss.2497bd27b94a197b698580924e57a755,Sink,1.0,98.44636536,87.07095337
147,wss.9d867c683d2f35c7d3f21f7bec99da6c,Chair,1.0,49.16205597,56.59854507
148,wss.497e53b02b65750fac6b8e58caf61f95,Bed,1.0,60.99718857,59.17231369
149,wss.4b93a81c3534e56d19620b61f6587b3e,Bowl,1.0,2.59012985,2.33831811
150,wss.1b7bef12c554c1244c686b8271245d1b,Chair,1.0,6.58611441,3.96923113
151,wss.dfbd76939765267efcb8d8c6d4df8143,Lamp,1.0,17.04052353,18.03787041
152,wss.7a5fbc08aa5693434eefb62d17049816,Chair,1.0,20.35781670,29.44764709
153,wss.e21e369f15782d872a08194fd3f4120d,Lamp,1.0,19.82557678,15.65818977
154,wss.65e090450ca44450854cb8d56920e159,ChestOfDrawers,1.0,37.74675751,40.56999207
155,wss.c920bd36e796f88fccd977931d742e1,ChestOfDrawers,1.0,85.56768036,82.29829407
156,wss.fb384f981cc9c98bdd21b56a85493d55,Bookcase,1.0,28.74930000,20.68839836
157,wss.5fabccb7eaa2adb19a037b4abf810691,Couch,1.0,263.07568359,327.49334717
158,wss.f41e933513d264ed2eba4ce8582fe7ee,ChestOfDrawers,1.0,36.38784790,39.32400131
159,wss.420321d376caaa07a267899cf8ceb299,LightSwitch,1.0,0.56898880,0.43260875
160,wss.e29e22d0033e6ccee938fdd9451c3206,Lamp,1.0,33.21166229,37.44723511
161,wss.91c949736e4887002ea98d69e91ba870,Bench,1.0,8.69755650,8.09940052
162,wss.2c052f5541d4d5689b2d7f86be5d0083,Chair,1.0,14.13344193,23.57493210
163,wss.449e9304a455598ee7e684d25d4dcaf0,Lamp,1.0,3.96307206,4.19830322
164,wss.75a1f6043c3e65a2f3412e3273fc1682,Table,1.0,31.27221680,32.45786285
165,wss.b6a6162a45771dd9c7c3b00aa130a068,TV,1.0,25.68310738,25.09607315
166,wss.7eaf212097293229fd3456bfc7553c94,Chair,1.0,26.79328156,28.56993294
167,wss.359a136da3a301644f782ac57aea97b,Stool,1.0,17.52570915,16.47846031
168,wss.997cf2aa92926a92d8f5adb469ca89d3,TV,1.0,18.61064529,13.30453777
169,wss.a258819335ee6a8ffcb8d8c6d4df8143,Lamp,1.0,4.89513302,6.69836903
170,wss.c8decbc9b8b20565c525fc212bb76836,Desk,1.0,33.48974609,38.43239594
171,wss.22670909b2901b254f627559b6ddfab4,Bench,1.0,11.99582481,10.38839912
172,wss.daaff56a07f60f12e76c8f94a97f51ac,PottedPlant,1.0,14.82407951,16.26558685
173,wss.82979f3a00ca7b5b0003dd98e70da8e,Chair,1.0,23.99794579,26.70199203
174,wss.14f4027490a165a6c017de3427505dac,Chair,1.0,130.04156494,190.36677551
175,wss.167f3edcf839000063ecd64ef0e6814c,ChestOfDrawers,1.0,39.70072556,42.48300171
176,wss.74ae50b70108ca1118775c05a821f9ab,Chair,1.0,10.68791771,13.43450451
177,wss.b63ab8d3dd4eee098d95727c923f3722,Desk,1.0,25.83630371,27.04800224
178,wss.f61465baa4c1c36de6089046407cf8f2,Bookcase,1.0,22.91862869,33.32450867
179,wss.fa0c9fb851ceb8569ed73239a1887541,Rack,1.0,32.05015945,45.68444061
180,wss.f1b1e6d1cb875b9f11c3739edd52fa3,ChestOfDrawers,1.0,51.84118652,54.94861221
181,wss.acc67510dd228d01d7cbb1f9251b6139,Bottle,1.0,1.54810071,1.87857342
182,wss.3dc39c34c37860da2ef1c225dc7772c5,Chair,1.0,18.49162292,19.21600723
183,wss.c65b6ae6f4edd7435836c728d324152,Lamp,1.0,6.22041893,6.49629974
184,wss.cb19585f960add8d8e1fe74cd4bc3,TV,1.0,24.65086746,20.32885742
185,wss.a54affb5b29b0585cc98452c8fce6b43,TV,1.0,26.03746796,21.49213791
186,wss.f7c427ea1f3ff553d01673c7c57450c9,Lamp,1.0,17.28903580,17.59504128
187,wss.556046d7066c98c215988593fe9b87fa,ChestOfDrawers,1.0,61.12935638,66.71341705
188,wss.6c39b3fc7258fa218749901456352d5,Lamp,1.0,54.87582779,64.28799438
189,wss.e9ca5a93caaf71d135836c728d324152,Vase,1.0,6.67559576,6.95665693
190,wss.312ed4ff0faf34ad7843fb4efdc19510,Toilet,1.0,79.56999207,88.08628845
191,wss.c031c55d7ff5bd7d824080f516909671,ChestOfDrawers,1.0,47.08689499,48.25800323
192,wss.d3978e26d3e0d773b3ffb0c309689ebd,Vase,1.0,5.22745419,5.81812286
193,wss.c8d3090c08be91456e9d040e630cf7e5,MediaStorage,1.0,43.36907196,64.61951447
194,wss.fbd0055862daa31a2d8ad3188383fcc8,Couch,1.0,164.90682983,189.51528931
195,wss.9a03c8dad46b10a2bd888ffd13174566,Chair,1.0,23.33503723,22.62260437
196,wss.1a8f9295b44b48895e8c5748ca5ef3ea,Vase,1.0,6.65548086,9.47989559
197,wss.3e9f3db3935fbf37b6da6aba4787946b,WallArt,1.0,32.38509750,46.83362961
198,wss.2b81d210cdf3062b8ff205f123937427,Table,1.0,14.01319981,14.94286633
199,wss.58e03df68771a51aa6c03a53cf0a14c9,Cabinet,1.0,43.53863144,54.70041656
200,wss.691b10e17ba828e2b161f36d4e309050,Chair,1.0,20.05736732,19.55714035
201,wss.28f1c6c292c0190480360680c1602c7d,DresserWithMirror,0.0,69.46115875,59.02756119
202,wss.977fd5e5b1df1bcde6fe3612af521500,Desk,1.0,22.25232124,26.25120163
203,wss.cf09618aedde38febda72093f9b5aa73,Chair,1.0,11.93092632,15.52157688
204,wss.289fddae5c4a03ac4798047bd8979829,Bookcase,1.0,52.52747345,43.34342957
205,wss.225da2a2b7a461e349edb0f98d2a2a29,Bookcase,1.0,42.04716873,42.96815491
206,wss.252be483777007c22e7955415f58545,Couch,1.0,155.99708557,222.12986755
207,wss.1be987c137d37f0b7c15f7bdb6fa82dd,Bowl,1.0,2.16718936,1.62255359
208,wss.9a5cb53a2858225e72a5c49c981e6593,PottedPlant,1.0,18.32171822,16.25397873
209,wss.f4da1907ed935101ad5d0d05865f4466,Lamp,1.0,7.47260666,11.09874058
210,wss.93acaa40a2d53c726b7154919b02cbec,PottedPlant,1.0,20.90449905,26.41665268
211,wss.d5e9eb9dbf9d30073321831d2245cf06,Toilet,1.0,74.67017365,71.43330383
212,wss.7b41e8307e85ab0b87e834be7739917e,Lamp,1.0,3.42156506,3.00523663
213,wss.66b327d254ac1d7eeaa00445ba4a9ddd,Piano,1.0,36.65573120,52.92480469
214,wss.4b9192372ef337a58c7ecd6af9202dcf,TV,1.0,25.46096230,19.15814209
215,wss.ad8174f4c09fa1fcf8635c4e00d796c4,Chair,1.0,91.13214111,81.47050476
216,wss.976636850849c3d6ffd996335233167,Bench,1.0,16.76168633,18.76979828
217,wss.1bbe463ba96415aff1783a44a88d6274,Chair,1.0,24.16047668,24.58293915
218,wss.dc4b21d338c4b4d1bef7854be4daf5ad,TV,1.0,18.40380859,21.59630966
219,wss.bb7646ace1c1ce8bd249abd69334079c,ChestOfDrawers,1.0,19.54652214,20.61588860
220,wss.d14a4b797fec250b83768a4ac1607d73,Table,1.0,16.93248940,14.20461655
221,wss.6c2bb8a74adf58305a340b65638f743c,PottedPlant,1.0,12.39113712,13.52093601
222,wss.15bf6b28d7be7f1e788a73ba34bee167,Cabinet,1.0,33.61751938,32.66630936
223,wss.cc8518f6158656176f85e2aaeefaecb8,PottedPlant,1.0,15.31391048,19.54092979
224,wss.6d12de155ea37ea8c37837f2575f34ab,Book,1.0,0.27685165,0.46899989
225,wss.b13c22f9eda41f328c504ffda4ce2aaa,TV,1.0,25.54588890,19.39873123
226,wss.edac7cf37d1d7a42c79156efeb6d05c4,Bench,1.0,13.35239124,11.87460041
227,wss.6915bfd18001e31155034479f8a160c7,Cabinet,1.0,31.14093399,31.95910835
228,wss.66683c677e7b40593c2e50348f23d3d,Chair,1.0,20.56747818,21.32085037
229,wss.3e94d08327a9299f7b6fd5468f603b31,Bed,1.0,109.60687256,115.78253174
230,wss.c0860a3dec2439efd5cb6d178687b980,Lamp,1.0,2.66694617,3.07187676
231,wss.5f77ccb269e0f6c565e61f93a151ad36,TV,1.0,20.42038918,25.73847961
232,wss.813f84c21a081253c02e349cb722a77a,Chair,1.0,13.38588333,13.94265079
233,wss.15eb3a0b0226597f678d1dca465a4efb,Chair,1.0,25.05355644,28.61731339
234,wss.5135a234fe18481235836c728d324152,Cabinet,1.0,34.93469238,42.79835892
235,wss.5b01781ce66cd6117a20e46c7abd214,TV,1.0,27.23113060,27.80460167
236,wss.da6658f36a9e81e8c4cbe5e698cebc61,Candle,1.0,1.18366349,0.31860000
237,wss.98e6845fd0c59edef1a8499ee563cb43,Couch,1.0,140.36564636,160.71699524
238,wss.554fa306799d623af7248d9dbed7a7b8,Lamp,1.0,14.39528751,13.82237244
239,wss.c4f9249def12870a2b3e9b6eb52d35df,Chair,1.0,74.92107391,94.69296265
240,wss.366b8a4c8e38961597910e2efc6028df,Lamp,1.0,3.58534431,5.37202263
241,wss.4628c40285d6b451605f8bb5e3f9a647,PottedPlant,1.0,8.29068947,14.59557724
242,wss.6958af15e417ccd676efa5dffd8873f4,Lamp,1.0,3.92506719,4.77656412
243,wss.ca54d724218ca0405e29ce2c9d37b952,Piano,1.0,82.15202332,58.02960968
244,wss.98ad8f5aad0c12ad361c6d610514e3bc,Desk,1.0,17.78953934,19.39559937
245,wss.cdde9cb1f21676d12dd8e5d33382e245,Desk,1.0,22.40033340,21.84359741
246,wss.c1e9332ab2e47fcc9977f83d67d415bd,WallArt,1.0,29.65700150,26.84476852
247,wss.2ffbd1fcc231e4c835836c728d324152,Lamp,1.0,29.45316505,22.88322449
248,wss.8ed7309372c7b0dd98d5fc0473d00a1c,Table,1.0,66.94068909,87.18824005
249,wss.c29c56fe616c0986e7e684d25d4dcaf0,Couch,1.0,220.17988586,279.08007812
250,wss.547430efaad2d84b35836c728d324152,Curtain,1.0,35.97727203,29.05581474
251,wss.166c5b25e747d3f38b5797598d47d0af,Toilet,1.0,46.29077911,44.24706650
252,wss.ee077280e4f7c4a5ca554b08dbb3ef2,Table,1.0,55.94870758,65.56086731
253,wss.ef5269ba557da598561dce3fe08634b7,Vase,1.0,8.34245968,11.61257648
254,wss.571a3c2cf4c509596cb5b29312d0feee,Lamp,1.0,15.24207401,9.90567398
255,wss.198683c1a50cebd134d6aa31914c287d,WallArt,1.0,12.90992641,15.63844681
256,wss.13c18609602e4ced37b2bb75885cfc44,Chair,1.0,27.49497223,28.04876328
257,wss.5bf7954ab8168f24e3849910c5019154,PottedPlant,1.0,12.55835247,8.73810959
258,wss.d1fba8006e7f72bd7228984b9aa31321,Table,1.0,35.66944122,30.30434990
259,wss.f7280f3830afe980c314c92e42b626ad,Cabinet,1.0,38.02692413,49.80178833
260,wss.9b8c50f5b9e67dec35836c728d324152,Chair,1.0,34.30806732,29.21193314
261,wss.c4c598c29a542a5f150539b40d03634f,Chair,1.0,31.19320869,39.75272369
262,wss.b5fb472b07fa88982f9ea281cc67f147,ChestOfDrawers,1.0,79.59838867,56.61000061
263,wss.e68758f3775f700df1783a44a88d6274,Couch,1.0,199.07394409,264.65643311
264,wss.22e275ed10e55abd810b14a81e12eca,Bookcase,1.0,21.90449905,23.76219177
265,wss.16c39375ac34adf37d47168999f25fa0,Chair,1.0,19.20086861,27.96229172
266,wss.bb20d169758c784bf37504943ca02718,MediaStorage,1.0,29.74452972,38.49914551
267,wss.f274cbff23bda61a85024815e816c655,Lamp,1.0,2.24145317,2.22920704
268,wss.dcf48a719756705c95f720566592708e,Chair,1.0,12.36669064,12.69537926
269,wss.7b8c22be3c6ceac64e103370a65f182a,Lamp,1.0,8.80859375,6.91333580
270,wss.db716d4ab2bb471998d5fc0473d00a1c,MediaStorage,1.0,51.14098740,49.80635452
271,wss.1e6a212abb46d63df91663a74ccd2338,Chair,1.0,15.28628731,19.36762238
272,wss.aae91b2c777bd7e684a05e54516915de,PottedPlant,1.0,12.58244324,13.87417412
273,wss.b66d04492611bd3a506574ff5b24a246,PottedPlant,1.0,16.58594513,21.97711754
274,wss.cc0e864645032185d2d64d0098518cf,Book,1.0,1.22506487,1.05559981
275,wss.49a5c5f524eb73b8391e4d6c585a697a,Table,1.0,13.42574501,12.89589882
276,wss.4eed9ad9465482d543b9eef399a0841d,Chair,1.0,9.21600151,9.02464008
277,wss.46000d9cdbab4aa8c8757e7eb90e558a,Desk,1.0,61.85125732,43.33800507
278,wss.12d44fd814bc9b40ec2a7a1f5fe7365d,Lamp,1.0,1.08266938,1.26830459
279,wss.718a3c273f8d3613d6a6b5838ef6b356,MediaStorage,1.0,27.26291084,23.29898834
280,wss.6f5cb68e41ab4356ad5067eac75a07f7,Bench,1.0,7.64198208,4.00259972
281,wss.956ceca8386375257252c133a7e17d94,Lamp,1.0,80.90031433,134.21241760
282,wss.8099b9d546231dd27b9c6deef486a7d8,Bottle,1.0,0.20082824,0.63898587
283,wss.58f3e49e746363dcf91663a74ccd2338,Chair,1.0,18.73318863,19.91367149
284,wss.2c39c14005592fe5723aef62533ea1c4,Cabinet,1.0,46.73728943,72.48462677
285,wss.3931068c10d0a606ef37b256c10c21e4,ChestOfDrawers,1.0,34.88084412,28.45019913
286,wss.769f607f748898c737ac8d648045f9c5,Bench,1.0,34.20108414,37.33319855
287,wss.32647467e7fb17388c44d31080397d4b,TV,1.0,16.07401657,21.02583313
288,wss.54cbe81983534dc153b10fab8d9d7b30,Cabinet,1.0,36.40005493,36.65607452
289,wss.f9020de34de8c8b8f35704207d47d73c,Sink,1.0,316.28439331,362.94238281
290,wss.8acaa0b809fa9424df3a1b0d597ce76e,Refrigerator,1.0,244.78295898,461.34197998
291,wss.282aec2efb13d3302ef1c225dc7772c5,Chair,1.0,39.64826965,49.21444321
292,wss.83ecec98acd12e53ab1be941467a2a97,PottedPlant,1.0,28.18569565,23.54430199
293,wss.4070ebf8119da27c950db6b38aab1d59,TV,1.0,27.06544685,26.74053955
294,wss.fea5314f86d4c13735836c728d324152,Lamp,1.0,5.72713995,8.16444302
295,wss.82c0da526314cd4dfaa6a731a795fa25,ChestOfDrawers,1.0,63.31847763,59.57919312
296,wss.c3811f0efe954321b02f4f3913a7bfd6,Refrigerator,1.0,241.04353333,214.37881470
297,wss.40fd8f0e8a0da01b729535b5093f5372,WallArt,1.0,25.21535492,20.23414230
298,wss.2edb94650ba9b12eb22aee81c59a47e6,Chair,1.0,96.75195312,183.11770630
299,wss.8efb3d9ec93520a797046e48d8f1e936,Table,1.0,24.31107330,19.97974777
300,wss.587d174c5f2b19c1d7e48afa5cc5db41,Chair,1.0,18.94195938,24.89446068
301,wss.50c7e5dace1d5dffc6256085755e32ef,ChestOfDrawers,1.0,46.62102509,43.81440353
302,wss.3415f252bd71495649920492438878e5,Couch,1.0,173.71832275,187.01867676
303,wss.15787789482f045d8add95bf56d3d2fa,Bottle,1.0,0.27656612,0.70672309
304,wss.c2b216339c3aebbad9da4cb1317a56e7,ChestOfDrawers,1.0,28.70517159,21.45600319
305,wss.6c99de3fb336618a98d5fc0473d00a1c,Cabinet,1.0,74.91991425,93.06466675
306,wss.39f04e9c22b0d0cf2c4b0d505faea008,Desk,1.0,8.81609344,6.65520000
307,wss.be1d7ed15097481469d6e26572bd40e5,WallArt,1.0,6.96942663,7.29883051
308,wss.ea68a58eb3e3f07776d3c12311fbd927,Lamp,1.0,1.85721695,1.38653612
309,wss.5e421da99a879732d8564c06b061019,Vase,1.0,9.18134975,12.69430256
310,wss.b615e58e79bd2aa1561dce3fe08634b7,Vase,1.0,6.23745584,10.10005379
311,wss.ef1152b1660592d413f0924ccc9628e5,Chair,1.0,26.04973030,25.16570663
312,wss.9695e057d7a4e992f2b67ae827b02632,Couch,1.0,184.17266846,256.99060059
313,wss.7b5e64fa6d2b5a7ef9883d2fd957d60f,Lamp,1.0,3.74745965,13.27668095
314,wss.474b82a849e5064fa9dea4db53ba3dd,Chair,1.0,59.31542587,59.03978348
315,wss.e89ca9392862a7fca53cd01ae99b50bd,Cabinet,1.0,40.55307770,42.68408203
316,wss.99cf659ae2fe4b87b72437fd995483b,Table,1.0,29.93792343,25.74313354
317,wss.bfe54fe90c7d99637fffc92abe94e907,Chair,1.0,20.57792473,22.13459396
318,wss.3d3b4b8874f2aaddc397356311cbeea4,ChestOfDrawers,1.0,23.06576157,18.06706047
319,wss.5c07f7040e822a42fdb729ff38860b34,Sink,1.0,105.48377228,182.36596680
320,wss.25dd6051429b804430a87f4918e4b66,Book,1.0,0.64776909,0.58239996
321,wss.18145f4b303c37f11c3739edd52fa3,Lamp,1.0,4.91472912,6.11150932
322,wss.c2bd95766b5cade2621a1668752723db,Vase,1.0,2.38069725,4.64645052
323,wss.ba7234e03524d614defe0ac024dcf1d1,ChestOfDrawers,1.0,32.92228317,25.19639778
324,wss.6e92bdda1bca7b72f9a4f3015fbf70,Chair,1.0,9.48448372,11.58787918
325,wss.5044c1354f356e154b2626866c3c7482,ChestOfDrawers,1.0,46.89253616,45.81480408
326,wss.f11f125531dc20987ff6ace05b36a5,Nightstand,0.0,10.74904823,10.49169731
327,wss.c3134ae6fd6691d7db039d8689a74349,Table,1.0,19.01053619,19.52756882
328,wss.e8aa71cd9a0ed5cd33aa3c623c0c0645,WallArt,1.0,30.18501854,22.66345406
329,wss.4c1db907fa5813d7253f12d90aaa05ab,TV,1.0,27.69459534,33.81942368
330,wss.b89c720c2b2f236c04ea93c895f88f6,Lamp,1.0,30.19043350,23.59476852
331,wss.1e9b2d5d65a8b7c29fe8663d47f73813,Lamp,1.0,7.96291637,8.53633595
332,wss.8b2847103757d670af4e8812cf1b9e1,Desk,1.0,27.90068054,25.19760323
333,wss.9bac04b7ee87d57224f5b2f86d563e72,Lamp,1.0,29.09909248,30.95093536
334,wss.360fff3feecb161321eee0f69ef7eada,Lamp,1.0,3.23522925,4.15531015
335,wss.670b45cb308014ea413908c0e169330,Chair,1.0,28.39583969,35.11425018
336,wss.2213ac0d768e2f2b44c73a59ff49c982,TV,1.0,23.01949692,18.15608215
337,wss.1e04e5dac618b8b114fbf06c3886b9e,Lamp,1.0,2.39855576,2.22705698
338,wss.804392005727a4e3a7e870da1ab2a36d,Chair,1.0,23.00143051,32.41716385
339,wss.dadf3f55c02c4dbe71357e42f9203ca5,TV,1.0,21.29579353,26.91663933
340,wss.9af0807b146c564a45c4ecb2f4b73702,Lamp,1.0,4.97886944,3.58779740
341,wss.1ad4c572e0fd6a576e1e9a13188ab4bb,ChestOfDrawers,1.0,74.14670563,92.03197479
342,wss.6f04104e178fb858f7628281ecb18112,Chair,1.0,73.88993835,77.59959412
343,wss.3fcfac8dbeda211dd2f257ce22a60cdd,Cabinet,1.0,43.53411865,46.90442276
344,wss.9cabda39008f86316d075d8d4fe1141,Vase,1.0,3.95922017,7.49396896
345,wss.2c3fff6bb2f03eeddec62a61accd35e7,_StanfordSceneDBModels,1.0,0.90355372,0.45429990
346,wss.667ad0330fb27135dac42bdc1d2df4a3,Lamp,1.0,17.73693085,21.15059090
347,wss.cfac66fe0cec664a8069dabf6dffa846,TV,1.0,30.01616669,27.68554497
348,wss.9214670b7c1e36bc1b1e2ecfb322ccbd,Chair,1.0,19.20169258,17.12537956
349,wss.6da4855b1a5a4051d55a3258262c9e01,Lamp,1.0,7.80785894,6.99717188
350,wss.9d7a51641609efeb54db38a439aab3c3,Bench,1.0,12.15653229,12.58739853
351,wss.ef72310b39244eca6aa35752fcfa44c0,LDesk,0.0,120.34009552,87.26160431
352,wss.dca2cd661bece47bd810b14a81e12eca,Bookcase,1.0,16.43503380,23.20562363
353,wss.6ca2149ac6d3699130612f5c0ef21eb8,Bottle,1.0,0.19706902,0.71123892
354,wss.ab499159f03dfb4951184e96a017458c,PottedPlant,1.0,8.32257462,9.02003765
355,wss.a7f5d8320a77ada37b98092cf509b83,Lamp,1.0,74.74382019,108.65499878
356,wss.41e5c55dde0d8caa35836c728d324152,Lamp,1.0,56.77268982,58.12490845
357,wss.8a9af7d8a83d90fcd53e36731300f5b4,Chair,1.0,24.60327148,28.25485992
358,wss.b16913335a26e380d1a4117555fc7e56,Couch,1.0,130.01850891,138.31864929
359,wss.a10a157254f74b0835836c728d324152,Couch,1.0,222.14390564,253.23463440
360,wss.cd418bf69c286701e301960cce35ab79,_GeoAutotagEvalSet,1.0,0.02311822,0.60060167
361,wss.f17c8c7d510658a02f2318fdd66be40a,Vase,1.0,1.21226382,1.95988870
362,wss.1cec41755e0f17f2ea8b2280a82aa634,Chair,1.0,30.24618912,22.45559120
363,wss.391458d5097646ac8bd24d13dcc47e64,Lamp,1.0,11.32949829,26.61785889
364,wss.90959c7526608ecdfb54b6f00b1687e2,Couch,1.0,205.78080750,215.20074463
365,wss.4d26cd5133e33f562846fa729d90e125,Candle,1.0,0.69200218,0.43020004
366,wss.61cc25769c7636a14b709ea9254a0647,ChestOfDrawers,1.0,57.23505402,61.11196518
367,wss.8e76d0002b592ef91663a74ccd2338,Chair,1.0,21.34904480,26.38692093
368,wss.7836a7015159442980360680c1602c7d,Bench,1.0,14.09582424,7.46639919
369,wss.20ed6a41058e6b2659f9892433e1b1f4,Vase,1.0,8.47694016,10.01720810
370,wss.b7a9d8b469cb06037824b732b006daaa,ChestOfDrawers,1.0,98.07122040,162.72348022
371,wss.31060891383f6df685d624cfcd9a37a7,Lamp,1.0,26.96837044,35.34055710
372,wss.c9ed0aa479b6859340cb4688019498aa,Chair,1.0,24.50304031,35.79888535
373,wss.1e57738f60665b1a908caac6d5f8ca97,Table,1.0,7.10013962,9.23400497
374,wss.3d0a062c24d4a9eaf31883de1fc270a1,TV,1.0,26.20357895,23.64259338
375,wss.9b023be7d35755e4355005b4420ff0a5,Piano,1.0,59.84001923,62.18579483
376,wss.3297041a1a8de1d3d0f3f1f5f6accdb1,ChestOfDrawers,1.0,28.74160385,34.02113724
377,wss.45587567f6f4d20cf004563556ddb36,Table,1.0,23.35836029,19.13915253
378,wss.ac8a2b54ab0d2f94493a4a2a112261d3,Couch,1.0,230.98361206,292.14151001
379,wss.f8a37a9da22f9e19c2ed3fce8969c0e9,PottedPlant,1.0,19.74325943,14.53256035
380,wss.6e1ab8ba32567f003f7e27638e63d848,WallArt,1.0,32.61604309,23.78783798
381,wss.866552d994de3a252ea98d69e91ba870,Chair,1.0,15.61966610,15.35930252
382,wss.757deea50fa00eb4e5595fbfd7d35143,Table,1.0,6.61683702,6.61573267
383,wss.72b7ad431f8c4aa2f5520a8b6a5d82e0,Couch,1.0,242.48217773,319.18438721
384,wss.be88d4f562cf410c8ed987e79d4e7bec,TV,1.0,29.57220840,24.20810890
385,wss.54017ba00148a652846fa729d90e125,Lamp,1.0,37.75542068,42.46671677
386,wss.ef13f960f08edac3b91b871e750ca615,Chair,1.0,28.15699768,31.21964645
387,wss.a7f9a3d63b1745a3526847327d19fefa,Chair,1.0,7.82562351,8.56742859
388,wss.5fa6f16bfb61ee656140bfef23d33f2c,Lamp,1.0,14.29133892,20.11015320
389,wss.5d2ed70e944a76954beec3b24722e27,Chair,1.0,27.43838120,28.31052971
390,wss.82a1545cc0b3227ede650492e45fb14f,Table,1.0,60.71265411,56.97870255
391,wss.5b8a2074b476c79f7ff6ace05b36a5,Table,1.0,12.60939598,13.72978401
392,wss.6060bfa3909185f78ce35a9a4af57797,Piano,1.0,73.87068939,59.98198700
393,wss.9335060416f8003f8c159f8d5e761b17,Table,1.0,75.17596436,77.53729248
394,wss.1852cf691d561b97760c1770d1a1230,Lamp,1.0,2.41614485,2.50006485
395,wss.7f6eefb58df3952e11b6659a0446b6de,WallArt,1.0,30.00899506,21.76442719
396,wss.be15eb13b784d6c935836c728d324152,Vase,1.0,7.42773962,6.82173729
397,wss.701e0d48f0905443b44675d9c90fdca2,Piano,1.0,93.52702332,97.59660339
398,wss.d107532567ee3f316663d1953862c637,Chair,1.0,6.84568119,6.84162331
399,wss.a93f71385c5b6face02320290db32e67,Candle,1.0,1.57350457,0.83969986
400,wss.fb55535403fa30d2e1f3ca9fa5f82562,Stool,1.0,12.35630512,11.57616520
401,wss.16a91700de9c32a98c1a083ca347f005,Lamp,1.0,6.53088427,6.49415016
402,wss.1d3e6b487838afaf56d62eb4972720c,Lamp,1.0,13.19010925,21.99541092
403,wss.609489d1658078747252c133a7e17d94,Lamp,1.0,95.99989319,134.21461487
404,wss.f69510412f10e9ed322ed2ef5fc90e25,Lamp,1.0,7.58414698,8.32136726
405,wss.319479919663030517f7724a70577dad,Desk,1.0,34.49902344,41.65019989
406,wss.39b51f3a6e8447c3c8a1a154de62786,ChestOfDrawers,1.0,47.53815460,66.74519348
407,wss.cdcf434ffa20ba921ca8be0b6657875e,Stool,1.0,12.95256042,12.08655930
408,wss.a9ca0f99c7bd5c1a35836c728d324152,Cabinet,1.0,37.06869888,37.33638763
409,wss.29a3f3ee5c752ab3c39a00da16746b95,Lamp,1.0,18.61325073,26.27110291
410,wss.41ffb4ec3d22e9dd9e7e7bd5f870f40d,Table,1.0,20.76227188,23.33627319
411,wss.47c45ac7187a9674421b433358248213,Couch,1.0,87.56417847,68.49555969
412,wss.5bb8457da2bbc722d810b14a81e12eca,Chair,1.0,13.41537857,18.29447174
413,wss.8cd9b10f611ac28e866a1445c8fba9da,Bottle,1.0,-0.00358771,0.47641695
414,wss.a728186f2bb912572d8564c06b061019,Refrigerator,1.0,284.20733643,389.16879272
415,wss.9294163aacac61f1ad5c4e4076e069c,Couch,1.0,169.12690735,162.13954163
416,wss.7bf89d4e40ef129debf5869836d37497,ChestOfDrawers,1.0,57.51733780,100.97904205
417,wss.f282330fca04d402f91663a74ccd2338,Chair,1.0,16.41322517,18.64863396
418,wss.95496308b3101ea0b02f4f3913a7bfd6,Refrigerator,1.0,158.19773865,185.11630249
419,wss.58fac51ccad0160df1783a44a88d6274,Table,1.0,22.25666237,22.19785690
420,wss.d7deb5bc5ed5df749977f83d67d415bd,WallArt,1.0,36.90603638,78.99153137
421,wss.65f9103ab7a64e83cb7105765410e2d6,Desk,1.0,38.64182281,30.74339676
422,wss.a3acfe6f313ab881bb088904f7cb154,Chair,1.0,23.04953003,21.04012299
423,wss.fe591330f3624a7f09225018235d526,Stool,1.0,7.01930285,6.50411606
424,wss.df6d614c3ec344f6bbb54a23cf41ed36,PottedPlant,1.0,20.33003616,25.74002838
425,wss.c32dc92e660bf12b7b6fd5468f603b31,Couch,1.0,231.58415222,324.50411987
426,wss.6807e9c9868efb4ea93f44a78566235f,Lamp,1.0,2.04957986,1.94759989
427,wss.e46596cc63efe6f8bee2958e154aa7ab,Desk,1.0,31.11433983,31.57979774
428,wss.d075f33ff1e2e59dcbe58bca02f22502,Lamp,1.0,3.76274943,4.39392281
429,wss.ce24e17dfd60ead335836c728d324152,Chair,1.0,21.88357544,23.56427765
430,wss.b17bb8b37d49e2e135836c728d324152,Chair,1.0,16.44217682,17.42979431
431,wss.1b76644af9341db74a630b59d0e937b5,Piano,1.0,82.98773193,92.52537537
432,wss.fe3ccb1376a4b6b34e309f47b24dd64,Book,1.0,1.02395940,0.61949992
433,wss.fb4f8c6863ded8305c6a44a505804654,Book,1.0,1.61733353,2.40939999
434,wss.e178d68804bd72429303898c72654442,ChestOfDrawers,1.0,7.47075462,12.68418121
435,wss.5bc916f8b9d0a7c6b40f0ac0fb9a650d,Chair,1.0,13.81131840,15.21479321
436,wss.b32c73b403d2774161b6a8284917364b,Refrigerator,1.0,189.23507690,213.65362549
437,wss.beccf627c1c7106be0d9c4ac82e6c37,WallArt,1.0,22.50766373,20.57945633
438,wss.5ea73e05bb96272b444ac0ff78e79b7,Couch,1.0,219.12112427,288.80050659
439,wss.9025b00d19ade57c890992ddacc04113,Table,1.0,45.41499710,32.53923798
440,wss.58fbc1679a7b229b7773fd259c9bf7d7,Piano,1.0,46.25651550,48.00540161
441,wss.480fa0aa1cd17b12426f9b8d387ec2fe,Table,1.0,10.19450665,9.03182697
442,wss.ae5b18b3515c84ee39683a06407f7f3,Stool,1.0,11.00176239,10.59069252
443,wss.e59626f553df30e8a7d0cc9b15400f65,WallArt,1.0,40.74843597,25.25875473
444,wss.75467099fb4d6984df85db41e3677c28,FoodItem,1.0,4.71859217,4.07594585
445,wss.1b29de0b8be4b18733d25da891be74b8,Couch,1.0,222.52174377,293.83804321
446,wss.bfcfe4e55bd4ff3ca35a7666f0cfa5bb,Curtain,1.0,14.47840977,37.62114716
447,wss.5bf5096583e15c0080741efeb2454ffb,Couch,1.0,183.46429443,215.30210876
448,wss.d020cd002f0dc635d714c9d7df1c4ed,Table,1.0,29.02697945,33.50903320
449,wss.8adf8adcf29155c5de3e0c162cb2b41b,LightSwitch,1.0,0.51167494,0.42091626
450,wss.98bc840471b4fd568e6da51641e48238,MediaStorage,1.0,44.44392395,52.75138855
451,wss.980d28e46333db492878c1c13b7f1ba6,Couch,1.0,131.50047302,114.00351715
452,wss.5f752a03d4f7fb9f35836c728d324152,Chair,1.0,20.91412735,23.56308746
453,wss.e73fff3975dc73207bf41c709bc6a298,PottedPlant,1.0,16.13232422,16.43308449
454,wss.4e83f89edf5f92ede3f7a74e12a274ef,Stool,1.0,7.34826422,6.65677881
455,wss.7bfdb7da22e38c4e5b2ecd212557fda0,Candle,1.0,0.71596503,0.43020004
456,wss.53bac55dfe78177282889f551cb32a81,Lamp,1.0,11.32540321,8.94262314
457,wss.661f1f07ee3cf13a77d7528e1646c585,Vase,1.0,4.10892773,4.55650330
458,wss.b558c112f34edfb15e0e77e9cf965949,Stool,1.0,10.26105976,14.11332989
459,wss.42166e5ee7cfe5bc2b151d8b52c53b90,PottedPlant,1.0,10.61732101,9.75636673
460,wss.421746966acf9b175ecd29875b6f0d44,Chair,1.0,53.99523163,48.47650146
461,wss.93549505ef8635c1bcbf660e2675e1a7,FoodItem,1.0,0.29585138,0.87456787
462,wss.2de984c888d76338daa5177c718fef1,Chair,1.0,74.64149475,159.22056580
463,wss.efe326ac3cbc1a977b076baeaedfec9b,Bed,1.0,94.54783630,97.15968323
464,wss.1a6a67905880e4911a4d5e0a785b0e03,Sink,1.0,177.08389282,231.09823608
465,wss.bce919a0447478587215a1e3ffbff428,Stool,1.0,10.51424408,9.57901573
466,wss.7364fd26628b7f6a3e0881f7de9a6e52,ChestOfDrawers,1.0,7.50327349,7.57326984
467,wss.3702fc385b6c7708fc33503fd88ecb34,Bottle,1.0,0.39710081,1.20797670
468,wss.a1fae2bdac896ab83a75e6d000e08290,Vase,1.0,7.74350071,12.12858486
469,wss.56253642219df29c37d43e094da89ace,Bookcase,1.0,20.45120621,23.12206268
470,wss.68c81093796a5b2de3f7a74e12a274ef,Curtain,1.0,29.63506889,41.97010803
471,wss.67775df4b93eeb1db6378af21f637882,Cabinet,1.0,51.74958801,70.47530365
472,wss.558d924c557e9b3e963c4644d0a8155a,Chair,1.0,30.54878998,33.14444351
473,wss.72099a83e9a058ace715cd506e17332,Lamp,1.0,2.32534933,3.05037975
474,wss.2731349879db84fc24517c38da518f49,Cabinet,1.0,60.80264664,83.08522034
475,wss.700562e70c89e9d36bd9ce012b65eebe,Couch,1.0,194.33116150,232.38404846
476,wss.d6de996b162885d8ad5067eac75a07f7,Bench,1.0,10.17357445,12.00419998
477,wss.9ae951aa3841a27fb80b68728684f2ff,Bookcase,1.0,29.85603142,36.83101654
478,wss.f814eb2a6234540aa35a7666f0cfa5bb,Chair,1.0,17.25082207,24.36617470
479,wss.20ae63b10b3407b57eaeab1f0c9120b7,Lamp,1.0,1.11898148,1.96694696
480,wss.ba397aa90c4af6ec98d5fc0473d00a1c,Lamp,1.0,0.97891319,2.14656019
481,wss.17870a3cccc0709ab610b0c94236463,Chair,1.0,17.49782753,17.23198128
482,wss.32413d2f2103b3a5286e185ca42b30ee,TV,1.0,12.32845879,18.67447281
483,wss.60870cf7f8e461c0a86b76551c6a3b2b,TV,1.0,26.78384590,38.20465851
484,wss.424a14c84cd36bc322ed2ef5fc90e25,Lamp,1.0,10.36535168,12.38916111
485,wss.f452c1053f88cd2fc21f7907838a35d1,Bottle,1.0,-0.07707724,0.86703390
486,wss.b01a9e1d71f52a0f805fdb126f070b7c,Lamp,1.0,15.93584633,25.08233833
487,wss.88ca54ecd98aaab77fa29a3ea424473,WallArt,1.0,57.73130035,129.98039246
488,wss.4d26b3a01d323ba27a845b3267216856,Curtain,1.0,27.68253517,25.13870239
489,wss.1d6250cafc410fdfe8058cf23f6382c1,Couch,1.0,172.68009949,210.92990112
490,wss.556994e41b273b1f3479c0025d9d887f,Microwave,1.0,23.60194588,17.93464088
491,wss.c0a03741e249468a921be8545ce7369,TV,1.0,19.50194550,16.20901680
492,wss.e75e21c5dff496bd251990397636975f,WallArt,1.0,22.53747177,19.19820595
493,wss.5c79b27734380b011a9e831992816ab,TV,1.0,18.33712006,23.02002525
494,wss.299d4157334aece64bd9e0690b0b191,Table,1.0,9.15141296,7.12663651
495,wss.15e38eb29fb84898e7e684d25d4dcaf0,Lamp,1.0,4.53935385,5.50315237
496,wss.9152b02103bdc98633b8015b1af14a5f,Couch,1.0,265.15676880,373.14715576
497,wss.ed394e35b999f69edb039d8689a74349,Couch,1.0,103.36077118,80.04405212
498,wss.cd0f2eaac6719a3ddb039d8689a74349,Lamp,1.0,4.27823639,5.69447327
499,wss.656d25df742a84877e44e3c724db889f,Lamp,1.0,2.17335606,2.47641873
500,wss.1dbb34b55a78c1aea72fb89aa30b6583,Lamp,1.0,4.88018751,6.97115946
501,wss.36179e51944bd454e9186c52976f79ea,Desk,1.0,44.96585846,52.33080292
502,wss.42df67bcad713396e9750bcb34c78caa,Table,1.0,31.77425575,26.59715843
503,wss.b3477e3ea9fd1676f016aee3d784d83c,Table,1.0,19.90267944,13.85981941
504,wss.7792861e0bdb95a270a43c2d978e502e,Chair,1.0,30.75716019,40.15899658
505,wss.8e619f1312acae5021d25a6a55757584,PottedPlant,1.0,11.22643089,6.39976454
506,wss.7814872586698c7f18b14db3b83de9ff,Chair,1.0,36.43579102,39.28958893
507,wss.3b109c1cd75648b71a9a361595e863ab,Couch,1.0,243.25268555,221.83831787
508,wss.b6bd3c90a718a699922bb056cd251e9c,Chair,1.0,12.59829712,16.73449516
509,wss.43331224b618033f2cba66dc6aeabcd4,Desk,1.0,29.84018898,29.49539948
510,wss.701617f593e5d8bd8e9d341bc3648f0d,Stool,1.0,5.27681065,3.50098944
511,wss.e6e65bbad248c82c4c59782c74cbf5c7,Chair,1.0,25.77382088,25.44643021
512,wss.35dd13e0db602693ad5067eac75a07f7,Bench,1.0,9.23962116,4.63080025
513,wss.20120e61e199b8cfd319c38340319ae4,Chair,1.0,15.06092167,15.62818336
514,wss.5ddfa2865257cd1e2d9c07d3b9171829,PottedPlant,1.0,12.18527794,16.24071312
515,wss.7bdc0aaca74cca86593ebeeedbff73b,Chair,1.0,59.93153000,51.88310242
516,wss.3dadf67ebe6c29a3d291861d5bc3e7c8,Stool,1.0,10.75059223,16.68808746
517,wss.310900aea4f2df6b224eafe39e508a6,ChestOfDrawers,1.0,45.79883575,53.47174454
518,wss.fc519dfcfd7fb873d810b14a81e12eca,Lamp,1.0,2.35125446,2.63764381
519,wss.925251c1139e67a60b94e8bd471c682,Curtain,1.0,28.76956940,50.10717773
520,wss.f81fd6b4376092d8738e43095496b061,Table,1.0,26.31640625,23.80774498
521,wss.a34966853ab2272ab2047d3072d5e051,Bottle,1.0,-0.10320070,0.85800219
522,wss.8753d446360545aeb554b42ae3ae3fa0,Cabinet,1.0,52.86685181,49.74330902
523,wss.8c0380a0d385c98145d451096984140d,Lamp,1.0,5.87359428,4.49925709
524,wss.9cd452cf3f334f4cdefb2d6276747b70,TV,1.0,30.07306290,33.90127563
525,wss.46cef01263d9b449405738a4d4d0fc7f,Table,1.0,22.20698929,16.48648071
526,wss.78ef41d48086be4f578beb8a8c25e433,_StanfordSceneDBModels,1.0,1.24326599,0.55930001
527,wss.164d5baf4135be7a98d5fc0473d00a1c,WallArt,1.0,22.24269867,26.37175560
528,wss.e9e2ffc13f5ea66ef1783a44a88d6274,ChestOfDrawers,1.0,92.64871979,122.93638611
529,wss.a2dad7c4e8c67e77604096c107e7cc16,TV,1.0,22.65039062,22.97290039
530,wss.b5a2a53b9b7e16e6b85cd7b6d43e8edd,Table,1.0,18.11411858,20.05693054
531,wss.8c3e8ef43fdacf68230ea05136ea3925,Table,1.0,42.36339569,58.73707962
532,wss.3a275e00d69810c62600e861c93ad9cc,Vase,1.0,6.00636387,7.11761284
533,wss.75c48c48656afc695a60f8212273313d,Toilet,1.0,59.86407089,68.52735138
534,wss.9c00e85febb3950fbd353c96f0f6d633,PottedPlant,1.0,11.82362747,9.44292831
535,wss.4379bb99731e186e1b7240bec20d2c91,ChestOfDrawers,1.0,50.99268341,52.05120087
536,wss.8eab5598b81afd7bab5b523beb03efcd,Bowl,1.0,1.41173363,1.19907868
537,wss.38cb236f6a521259cc2e054c56e9a85a,Lamp,1.0,4.39304447,4.86255074
538,wss.1facaa0eb35496fb69783ac218a8a2bf,Lamp,1.0,7.97771645,10.27355957
539,wss.8bd3e4df6908e4876510282e828922a,Bench,1.0,12.29271221,11.02559948
540,wss.d64ae7e62161e8d5522953bd446e221d,LightSwitch,1.0,0.55469096,0.42481342
541,wss.7a6583ff00878904fecb6b716d918a27,ChestOfDrawers,1.0,46.75279236,49.55880737
542,wss.c9ff863f9cdae59a26a62c9cd09c9b29,LightSwitch,1.0,0.73700839,0.38876310
543,wss.fe130cd04a80cb9a7cb89acbfe0b6852,Chair,1.0,32.74200439,32.65050888
544,wss.da8e9be00f5af54fb370bce5a5e71544,Stool,1.0,6.57726049,6.45968485
545,wss.ca969a02f2e6f1a8d404fbd22d20d722,Table,1.0,14.53785706,11.42358971
546,wss.ca686d7726623dc7fa2e328741dade59,Book,1.0,0.51071513,0.35489997
547,wss.b31c1b94a2badecf43d2fa0a85ff9354,Cabinet,1.0,39.86425018,41.96678925
548,wss.4f4cb2c3e290174f7b9c6deef486a7d8,WallArt,1.0,12.48395920,14.02940845
549,wss.71dc87d4ce0d479498d5fc0473d00a1c,MediaStorage,1.0,63.68263245,52.60678482
550,wss.c6706e8a2b4efef5133db57650fae9d9,Bench,1.0,14.65795994,13.30080032
551,wss.8830354625df010037b71c02ebe8cb4d,Chair,1.0,42.50022507,38.93660355
552,wss.cdf17908b510cb5e97ed132611a64445,Chair,1.0,14.92757893,12.60180569
553,wss.bbf1c70d4477545ee3f7a74e12a274ef,PottedPlant,1.0,9.15161610,8.39647865
554,wss.2e6b5312e272835398d5fc0473d00a1c,WallArt,1.0,24.22467232,19.08673477
555,wss.8d861e4406a9d3258534bca5562e21be,_StanfordSceneDBModels,1.0,-0.17048885,0.78111488
556,wss.5f1da79c2b1c630f251990397636975f,PottedPlant,1.0,12.22646332,16.25895309
557,wss.85fab549c9ff3981f11c3739edd52fa3,WallArt,1.0,19.03410339,16.92398262
558,wss.4698973d47c780654f48c7d5931203ac,Book,1.0,0.81809247,0.66849995
559,wss.a2fdf98f85cec8696ca407465d3c74d7,Chair,1.0,7.56880093,11.86505127
560,wss.1f53de73d3807e07575bf8a4b14be4f4,TV,1.0,31.78264236,39.42498779
561,wss.b8c60360ce938833a3d3c99f62f9a788,TV,1.0,31.78385353,35.24065399
562,wss.4fe4ece12ccf5fc787c4d5470f8b581,ChestOfDrawers,1.0,58.55877686,62.59246063
563,wss.fcff900ce37820983f7e27638e63d848,Couch,1.0,174.33810425,223.57620239
564,wss.63038279496a0720b8e1b99345a5afd4,Stool,1.0,6.21261692,4.99571705
565,wss.c2651a2a6814f5afb5d6b300975c337,Bookcase,1.0,40.64791870,42.68241119
566,wss.b73a89c916a0237e90faae3c2240cd5a,Table,1.0,16.42636871,18.25240707
567,wss.8422870b0a65255d5cae1a083183a237,Lamp,1.0,57.34570312,62.53817368
568,wss.6d619704ac0bed9827eb00c151c6f711,Chair,1.0,26.69749641,27.16039085
569,wss.3db845813ee82c80504721639e19f609,Chair,1.0,12.48840618,10.91153622
570,wss.332c75b56c4a80f77ff6ace05b36a5,Table,1.0,12.10639954,14.37156105
571,wss.12df0535bb43633abdd9b7a602ec35ec,Table,1.0,12.85612297,12.53264523
572,wss.b1fe90efd72daa001681a637b68c2e0b,Lamp,1.0,7.94348335,8.69756126
573,wss.62c88083b8a338ec35836c728d324152,Cabinet,1.0,77.94527435,42.72642899
574,wss.209dffc2dbbf8f67a8699b6183baa203,Chair,1.0,28.57925415,30.42129707
575,wss.f1f7eb41e9483d0e9729029bbdae341e,ChestOfDrawers,1.0,23.31800842,33.31193161
576,wss.5640a5c88e698338dbd1b63b4e2df39d,Desk,1.0,16.12104607,17.05920029
577,wss.b239d60065c19a4b3ad289a22eb6ff63,Cabinet,1.0,60.40066528,50.75570297
578,wss.3fe83426c6233fc39201f2703b45dd7,Toilet,1.0,61.43965530,63.36357880
579,wss.6de6c3fb1e5a7d15fa2037e5e59ff423,Chair,1.0,55.19440460,65.24179840
580,wss.652975c578e7aff779c2864ed0a7e572,WallArt,1.0,23.20370674,67.18412781
581,wss.2f7b32a0806ed5f09429f6a938b3978d,Sink,1.0,142.85560608,168.19662476
582,wss.ab842d37391314099463110f77bc861,Desk,1.0,14.43507576,10.59059906
583,wss.3140ea76f25321a0e3f7a74e12a274ef,Chair,1.0,28.05633354,29.56372643
584,wss.151916d8cacda1691c352d02061b3f7,Bookcase,1.0,28.75337029,25.78104210
585,wss.7b53493f7944fcf2b691e708071fb777,Lamp,1.0,6.06016827,5.08181763
586,wss.7dac6c932ca4f2fbb1cbe768f98549bf,ChestOfDrawers,1.0,53.91905212,33.04799652
587,wss.7f518fe982aae1b5940c8a2639c8747,Lamp,1.0,4.12287474,4.59814215
588,wss.44cd0ca3b96ea62c1759e141360faf0d,Lamp,1.0,1.05798209,1.54776168
589,wss.634fe05a380adac585430ccbd2632877,ChestOfDrawers,1.0,40.22292709,36.99240875
590,wss.ebcd6d6c36a7193a952c493f36a7be8,Book,1.0,1.38210773,0.67410004
591,wss.59d2182a89836e67845e78b431e4d529,Table,1.0,12.72751808,14.85142136
592,wss.a7ab92e0dcecc44d1b03adc3f90ef151,TV,1.0,26.16886902,23.40943909
593,wss.9072f7b49f0f9a4bf8bd41e640eaf848,Chair,1.0,16.43441010,14.03977871
594,wss.17919b0e69c06bf235836c728d324152,Curtain,1.0,35.86279297,28.36055183
595,wss.c3e248c5f88e72e9ea65c47b660136e7,Couch,1.0,213.87422180,250.86637878
596,wss.3cdd3e927ee800772e5fe4ac0cb720d2,WallArt,1.0,26.13206291,22.46111298
597,wss.3a59317d833fe0d2f95721d2346bede,Lamp,1.0,8.74695206,11.73504448
598,wss.f56b182d8cd89803dc4f4fd3af459324,Curtain,1.0,30.69973564,34.39570618
599,wss.92a1e771eb621c14c2a5a06bb7a05e87,ChestOfDrawers,1.0,27.28239059,24.66780090
600,wss.e46cfddf357b8ebcbed1bd9593e318c,Stool,1.0,12.28596020,10.19536304
601,wss.49918114029ce6a63db5e7f805103dd,Chair,1.0,19.25984383,21.44403458
602,wss.aa34fbd699f88094e5c7ea227b17d897,Lamp,1.0,6.82552385,9.71650314
603,wss.984056a28829c88435836c728d324152,Vase,1.0,6.20288277,6.03588820
604,wss.778404e43b81ee2ba7892e85f7e5ae66,Lamp,1.0,7.17005014,7.82264471
605,wss.21a2fb1da3935a37b9c6deef486a7d8,WallArt,1.0,13.73432922,14.12391663
606,wss.2efc35a3625fa50961a9876fa6384765,Bowl,1.0,3.05641484,3.42462373
607,wss.440e3ad55b603cb1b071d266df0a3bf5,Couch,1.0,221.55404663,318.14361572
608,wss.e025274cd3378c2faca0e06ad87d3c4a,Desk,1.0,12.06410789,12.94859886
609,wss.7d6102f23f51764d2ed4a731510fb423,Table,1.0,5.84547901,4.03101635
610,wss.ff22bf19e2ef19d12f7ffc95c59dca52,Lamp,1.0,4.06838655,7.16484547
611,wss.b637783533b64bc3441371570218d683,Cabinet,1.0,26.95473099,26.43730164
612,wss.2d1f6e50aad6d88721fbac718728a36d,Chair,1.0,23.82734680,27.19355583
613,wss.f3d6470b3f4f5ad71c7075c2bc313334,TV,1.0,27.51633263,30.62226486
614,wss.fb050e0cc057df3dd043998582f5fa,Lamp,1.0,1.16479254,0.80827546
615,wss.6a42375c01c8168f38f776a23f4bbc94,WallArt,1.0,26.46331024,47.32116318
616,wss.bf4da74d07c30dafa5af69f7e86c1b23,TV,1.0,26.49374199,39.13726807
617,wss.fc69cf702f139a1db9c80b071d9d963b,Table,1.0,38.82764435,42.53163147
618,wss.fd0ccbe95a1204069e9300aaa453f3d3,Bed,1.0,110.07880402,158.68727112
619,wss.d743ca9067913ad129426a0f57e4d15e,Table,1.0,14.28831673,14.15931320
620,wss.9e7a60f4338bd4f382dcf870385fe09e,_GeoAutotagEvalSet,1.0,7.24328232,12.00313282
621,wss.bd9a88bdd8c0388ab537ba37cb06b1d0,Chair,1.0,20.07588577,25.09582329
622,wss.b9269a248a9b76af155d75bbf62b80,Bench,1.0,10.71570015,11.46479988
623,wss.cc87e29afe238126e20e92c5b8147e4a,Plate,1.0,2.99510598,2.96312046
624,wss.7984d4980d5b07bceba393d429f71de3,Bottle,1.0,-0.28109798,0.35674834
625,wss.78bf97fc414eb8112ea98d69e91ba870,Bench,1.0,15.29135132,17.29200172
626,wss.9c7eafd24a871e3678785e24320d5ee9,Curtain,1.0,32.70090485,29.80662727
627,wss.fe571828e5b34d379d0a249a140da12,Bookcase,1.0,39.33530045,44.92508698
628,wss.b58c5986b3acfa0c46821ccd94ca6205,TV,1.0,19.28228760,19.52523041
629,wss.aea6f0ddc6450d490546f5d45015351,Cabinet,1.0,37.96055603,48.74837875
630,wss.692db5a6fb6cea2174649592553d1a1f,TV,1.0,19.11219978,20.98862839
631,wss.2872c4b8e2f86201b7d0f3d89bbac230,PottedPlant,1.0,7.33339739,14.45295715
632,wss.c2c4c288a7156652f4eefa83fb709ec6,Curtain,1.0,40.61356354,63.54829407
633,wss.48bacbf60318db537a0c402e1ca31f3,Bottle,1.0,0.33067045,0.89412862
634,wss.8309e710832c07f91082f2ea630bf69e,Bottle,1.0,-0.08502484,0.42674321
635,wss.53d9a81d2df7635a28a35028fcddd52,TV,1.0,20.61077690,18.37435150
636,wss.20b7adb178ea2c71d8892a9c05c4aa0e,Bottle,1.0,0.29693565,1.18765616
637,wss.6475924415a3534111e85af13fa8bb9b,Couch,1.0,255.61083984,273.41357422
638,wss.86d8257cb63cf1cb29c4be4831583165,Desk,1.0,26.68095779,24.96060371
639,wss.7819d1ccc058cc6fc92b7bf1f92094,TV,1.0,23.31187439,21.58391190
640,wss.5870f50be1100d638e6abafac3570db5,Lamp,1.0,2.94729042,2.60063958
641,wss.3d95d6237ea6db97afa2904116693357,Couch,1.0,219.19596863,256.83392334
642,wss.3789d23c3c3ad1f68615c611a4c511ec,Table,1.0,8.65727139,8.21555519
643,wss.ff925b37a4e303bd7e113cd5209565fb,WallArt,1.0,8.68718052,18.22215080
644,wss.3a3f32deb30dc4e32ea98d69e91ba870,ChestOfDrawers,1.0,92.56417847,123.59999084
645,wss.4784aeb9d867aa83f685327911e7e258,PottedPlant,1.0,22.90596581,34.65723801
646,wss.d2a4c36321c50c06d28b52ade6c7e48,Lamp,1.0,14.18550968,11.11163902
647,wss.572250b1c642beb726a8b2787ac9ff6d,Couch,1.0,94.02441406,73.68684387
648,wss.67fc07a1d2d71bdc6af54a1f6b919e66,Stool,1.0,13.65011215,10.51663780
649,wss.3df44d30265f697e7e684d25d4dcaf0,Chair,1.0,34.58512878,33.31500626
650,wss.26b72a9e18203a02f841233486fac2b,Candle,1.0,1.55837989,0.62910020
651,wss.2773ae187d1e9d3d504721639e19f609,Chair,1.0,31.36145401,29.79588318
652,wss.939e22c7bc8f9944d9343286be935827,Stool,1.0,12.17455578,11.09083366
653,wss.7b452cb1acffd9ce4b68d3b17c43658,PottedPlant,1.0,16.23958206,16.90241051
654,wss.3101d2b22e21297ccff8db9efabb6c62,Lamp,1.0,6.14093828,7.54908037
655,wss.4b1de41a31d4d798cf48ae153052b71a,Lamp,1.0,5.70376873,6.12655687
656,wss.84ab363e60b9bd9185d624cfcd9a37a7,Lamp,1.0,4.32804060,4.71207428
657,wss.1361850926bce33f84e64ea9646404ec,Lamp,1.0,39.02257156,35.01810837
658,wss.53e7aa67f02d1f2d4fde68aa70e53a1a,Microwave,1.0,37.32057953,32.91690063
659,wss.2394aad19bdb0ca8e751791317b66d8c,Book,1.0,1.22122633,0.61810011
660,wss.29fafe9d3b95e324535e3a87e2212e35,Bench,1.0,9.39874649,11.02620125
661,wss.ee53c928afaa339253250612ca93852,Candle,1.0,0.51778364,0.28979984
662,wss.5e67380e99a257814e5292217a77cd7,Bottle,1.0,1.21854937,1.33441961
663,wss.a2e97e7fb622cf309c7c78001644d0be,Cabinet,1.0,68.70890045,86.11099243
664,wss.f39cb99f7c30a4b8310cd758d9b7cf,Couch,1.0,171.48718262,210.56549072
665,wss.6b71913851ad95fd15a99c418688aee5,WallArt,1.0,49.76812744,45.82488251
666,wss.9e50d7fd1f8d911435836c728d324152,Chair,1.0,28.15527534,21.81359863
667,wss.52a74b32b7f821573a4942768501ab9f,Desk,1.0,37.04669571,36.85260010
668,wss.997d0daf40925e5f54bf0ed06a1506a7,Book,1.0,0.30136585,1.46299982
669,wss.1d19305840960acde220a4c1303a51c,Table,1.0,12.09938908,10.66772175
670,wss.af5fc197a9151acb8aa35a62b4d4d73f,Lamp,1.0,1.06984210,0.40413743
671,wss.ffed7e95160f8edcdea0b1aceafe4876,Chair,1.0,13.23512650,18.35843277
672,wss.2d4adec4323f8a7da6491c91cd8d7770,Couch,1.0,110.58882141,77.59018707
673,wss.4a28c0ef7711012ab64e2d4ab94c4e13,Cabinet,1.0,93.19123840,105.24301147
674,wss.a48e88e9186276a463ecd64ef0e6814c,ChestOfDrawers,1.0,10.56053066,9.68764782
675,wss.c7ab551c69d449e17f42f6c9f9e08b68,TV,1.0,30.50863457,28.62310982
676,wss.3ce3a0a7adbaaa518e43a810a63361f0,PottedPlant,1.0,9.31629753,11.70001125
677,wss.3c389c01263d2eaf2b3e9b6eb52d35df,Couch,1.0,65.00633240,56.83779526
678,wss.7f0ac8c0f541ce3e6dcfc35990eb3ea1,Table,1.0,9.48157978,9.93953800
679,wss.d06069a1ffc0009e75e016c1d859d1fd,Table,1.0,40.23127365,48.24636459
680,wss.b54e412afd42fe6da7c64d6a7060b75b,PottedPlant,1.0,11.97791862,18.21088791
681,wss.359ddad69aa0f111a07d426e67d479b,Lamp,1.0,3.90104914,5.77831078
682,wss.30497cce015f143c1191e01810565e0c,Couch,1.0,221.82981873,261.76684570
683,wss.f40624156dcbab68620a56d13e6d773b,Lamp,1.0,15.42203522,15.48191547
684,wss.e410469475df6525493a4a2a112261d3,Couch,1.0,226.73965454,279.38259888
685,wss.b548aa319cf5d0c71085a6d70c973b41,Table,1.0,23.52385902,27.19447136
686,wss.55dc6f203de0cc5335836c728d324152,Lamp,1.0,7.16840839,6.50704908
687,wss.b5e4d8f9fdf32a254b15cc8271be5489,Cabinet,1.0,63.13561249,68.04647827
688,wss.c2c9ca31c0f1126ffe5c8ffd0f5eba47,Lamp,1.0,6.54426908,7.28307819
689,wss.260ebd5d9bcc2acae3f7a74e12a274ef,Chair,1.0,24.84402657,26.49944496
690,wss.3319b63a7544b77b1d3abbedf84d10fc,TV,1.0,21.78911781,27.91125298
691,wss.87f103e24f91af8d4343db7d677fae7b,Couch,1.0,172.56774902,228.86877441
692,wss.d5c3542c080d61462c45f75322191dd7,Table,1.0,11.75034714,10.94037056
693,wss.3f6cbfc955e3a82e2f3bfb1446a70fbe,Couch,1.0,144.94226074,132.63790894
694,wss.7961d0f612add0cee08bb071746122b9,Couch,1.0,223.31047058,267.47457886
695,wss.ec78b0077513564ea3447f25dbb5aa50,Lamp,1.0,5.99960566,4.92274189
696,wss.c5afaadb73323de9645a86b04c64b372,Chair,1.0,10.19534683,18.92699242
697,wss.745adde98596801dbec3353c29751fdf,Lamp,1.0,5.71918488,6.02337170
698,wss.206c0b13dea6bc69250ac99e3f2c51e9,ChestOfDrawers,1.0,96.58453369,118.24411011
699,wss.f924bc42daea1f48cf48ae153052b71a,Table,1.0,22.87548065,16.93698311
700,wss.e193b0d75fa674142b3e9b6eb52d35df,Chair,1.0,33.81426239,33.74379730
701,wss.104221f8a5b6676aa1dda33d5a7c8c38,Table,1.0,4.76168156,6.15852070
702,wss.9b2759851023fad7dedad3eee47fd556,ChestOfDrawers,1.0,72.25914001,126.32994843
703,wss.d96d9022882d6068b8fa4cb65e077db1,Lamp,1.0,30.86313248,17.41876793
704,wss.93ef67580682ed64b649c37ff7cd461,Curtain,1.0,31.72448730,23.73563194
705,wss.6fd43425c540e5da9b1375f6b333ec37,Microwave,1.0,32.30963516,28.83695221
706,wss.ebc2c06fae1a9064f25b2f81f34470be,Lamp,1.0,11.47546196,9.39835262
707,wss.36b2472a8f979c7298f210d66638d842,Window,1.0,22.55268860,11.34929466
708,wss.8ad88ee4442fd0fd8a6ba7ebad3985bb,Desk,1.0,9.46713543,11.70840073
709,wss.88f854b66978d1c45caaf941a8fac2d7,Piano,1.0,64.41445160,88.45619965
710,wss.f0f89ca1fe9950f8b26a5d88c8b02ed9,Chair,1.0,17.43122101,14.74218178
711,wss.8d07bccf7d944c97f772a7ed7ffb61,ChestOfDrawers,1.0,44.13306427,53.85359955
712,wss.47ac4f73d91f8ff0c862eec8232fff1e,Chair,1.0,13.71048450,14.66992569
713,wss.9309f88977b29897ae9d7a2f1f7d4c6,TV,1.0,15.10043812,15.29625034
714,wss.95277cbbe4e4a566c5ee765adc4c8ef3,Couch,1.0,168.45887756,194.94741821
715,wss.ca7b87f07cc99a79aa0b5040ebdc8dc8,Stool,1.0,7.61291122,6.83108950
716,wss.1061c1b4af7fd99777f4e9e0a7e4c2,Candle,1.0,0.63560301,0.43199989
717,wss.f4d3a7f971420d2ce56a6376dd2adb4,Bed,1.0,110.70993805,89.62500000
718,wss.55b002ebe262df5cba0a7d54f5c0d947,Lamp,1.0,3.15188336,5.18715096
719,wss.d1f76ed6072b9332ee558d9fec5dbe41,Chair,1.0,42.10911942,70.28180695
720,wss.3843253da3eae7b09e4965f0106e00d9,Fireplace,1.0,188.86007690,440.75753784
721,wss.371b604f78300e02d76ab6ff59fe7e10,Bottle,1.0,0.41801628,1.07476103
722,wss.e6d92067a01231cb3f7e27638e63d848,Couch,1.0,190.23460388,202.14888000
723,wss.4e124a3756fc7a78b6bef40d55ebdf21,WallArt,1.0,64.32234192,79.95274353
724,wss.dd743b1a46853e01c72ae378512f15e4,WallArt,1.0,19.78734970,19.42962265
725,wss.de9973cc24c80178d1500d3c97406d29,Book,1.0,1.77998018,1.49240017
726,wss.809307d04ffd3fe5650ef5c65206a324,Piano,1.0,51.28289795,52.81980133
727,wss.534c7e2c9495d7987b6fd5468f603b31,Lamp,1.0,4.37434101,7.21858931
728,wss.dd381b3459767f7b18f18cdcd25d1bbb,Bowl,1.0,2.46666574,3.06328869
729,wss.37cfcafe606611d81246538126da07a8,Couch,1.0,191.21730042,185.51690674
730,wss.f46d3b81d33a50db35836c728d324152,Vase,1.0,6.83777857,6.95192337
731,wss.968f41d6b8e65a919bb33eb5da550000,Vase,1.0,7.04544544,6.74125719
732,wss.a0a87d63af355b45615810b8eabca5b3,Lamp,1.0,1.86871648,1.90675640
733,wss.741b91f2187d54792d4fd2b0f2040d45,Table,1.0,7.12491989,10.24993896
734,wss.9efb86c07170d7e897ec301178d1c7e,Chair,1.0,13.64509392,16.86242294
735,wss.5dd9ef055fe3582687ccf9baec60b534,Desk,1.0,43.20145798,40.98599625
736,wss.39ef7e982d00763560507fdad4357e06,Bookcase,1.0,19.42641258,18.18609428
737,wss.24505c53438f8273399f45f7c8fcdfa9,Microwave,1.0,29.53596115,27.75346375
738,wss.56cfd1c474b7b88920c80e4850e77325,Lamp,1.0,2.13889265,3.27394605
739,wss.3469cdf83a3cba1f35836c728d324152,Lamp,1.0,4.32941198,5.64933014
740,wss.a5d178d896c077a1e4f8c880a69dafd7,TV,1.0,20.55702209,19.43593597
741,wss.119ddb219f69b1cc492d9da2668ec34c,Chair,1.0,10.51735210,10.20557976
742,wss.c1be306179c6f218375779903ff27da1,Table,1.0,60.87205887,43.84873581
743,wss.ae50497e95773de7f9b9977a2406713a,Chair,1.0,28.61563110,26.80149269
744,wss.3b6c0302dfd4a945f5643b33c728184f,WallArt,1.0,24.58752060,24.95367813
745,wss.3820449f17744298847dc1a0820caba6,Table,1.0,51.02408981,53.96026230
746,wss.3f91158956ad7db0322747720d7d37e8,Bottle,1.0,-0.17437422,0.79703873
747,wss.319a8478eea5833f41aa35a85bab1563,Sink,1.0,143.97067261,161.02294922
748,wss.37bdcc285f0e310a9a50826758767f2d,Table,1.0,36.10854340,47.14233398
749,wss.17f4b14ebbe37179ab2b7e9ed9191486,Table,1.0,30.33495712,27.08876991
750,wss.c170cc6fc5ff20ce1f5d7cf1f3f408d4,Lamp,1.0,5.21527195,3.77266884
751,wss.2927d6c8438f6e24fe6460d8d9bd16c6,Bottle,1.0,-0.01843744,1.02734494
752,wss.af3d58dc258e0fe06ef604d255267aae,Lamp,1.0,6.05526638,10.27971649
753,wss.e68f974347edd06baaa05ac4e55dbacc,TV,1.0,19.62832642,22.51899719
754,wss.66fbe6533abfe75195b26656722dea64,Lamp,1.0,32.40782928,60.42719650
755,wss.c28ae120a2d2829e50e9662c8e47fff,ChestOfDrawers,1.0,41.52130508,40.91640472
756,wss.665bfb42a0362f71d577f4b88a77dd38,Chair,1.0,16.20949173,25.58264732
757,wss.5d4db38efb220efbd1cdb01b102e374e,Desk,1.0,20.18309784,11.94360065
758,wss.7418459c5bda57f35836c728d324152,Desk,1.0,25.90126801,19.74720001
759,wss.be3c2533130dd3da55f46d55537192b6,Bowl,1.0,2.98386025,2.18641949
760,wss.ebf1982ccb77cf7d4c37b9ce3a3de242,Couch,1.0,166.17201233,205.39956665
761,wss.24dbbef5e68df9d98849c1eb532ffb39,Lamp,1.0,9.20205975,11.55323982
762,wss.1666ce5ced647ed25d878ba9ec3c0d6a,Vase,1.0,4.26496649,6.39330673
763,wss.14c40e5ccc4fe01d492d9da2668ec34c,Chair,1.0,23.18193817,28.74879456
764,wss.8d7083a120eb546c1c3b3ce292007d5b,PottedPlant,1.0,8.48031902,4.36822557
765,wss.324c9045843b9470d29670d38a4c9e7e,Vase,1.0,5.04066515,6.82173729
766,wss.b3530cffd4a04deab641e19ecbf0e871,Lamp,1.0,12.14691544,8.02895927
767,wss.42de1b4244d8e8ba31e06831b84dedd,Refrigerator,1.0,135.35700989,169.26316833
768,wss.26c90d1c97c09cc457ff23db42cd881f,Poster,1.0,15.07761097,14.57585239
769,wss.fa8860d6a0d45a4688dcbe86402c7c15,Chair,1.0,59.83383942,110.22169495
770,wss.7ca9c6d21041051e14dcb97ba059872,Cabinet,1.0,57.94289398,53.77811050
771,wss.cdc6bd336446234c2b151d8b52c53b90,Vase,1.0,6.09856558,5.10801840
772,wss.57a4dd08863a3b67fb8de648691848ea,Book,1.0,0.99031800,0.64609993
773,wss.d3f0fbdeabf3946dfe7bebacf7a743b8,ChestOfDrawers,1.0,54.07527161,110.69944763
774,wss.a6bba45e7292ae2443638dabe1eb5336,Cabinet,1.0,68.82231140,61.82620621
775,wss.b5a54d0a7bc87d5263f26b71f9dca732,Table,1.0,71.25357819,107.64534760
776,wss.5ba89398d98be20e691def363532c98,Book,1.0,0.32388741,0.28559992
777,wss.693836c29e5fa6179a2988e955b5ae43,Bookcase,1.0,27.07695198,22.15068817
778,wss.48e23032b7128bcbfc0035da39bd5e1,Lamp,1.0,7.34291553,12.40359116
779,wss.8574daf4d23e75da042d36b1c1b84,Desk,1.0,45.35993958,56.54819489
780,wss.49ce1344c3c8a652f9883d2fd957d60f,Table,1.0,25.71807480,24.01999474
781,wss.9bbf6977b3f0f9cb11e76965808086c8,Couch,1.0,216.71405029,260.48693848
782,wss.c9510a71ee91f7405252ed78d05eab6b,Chair,1.0,32.10487366,36.02867889
783,wss.b1bce627680b80b6e3f7a74e12a274ef,Fireplace,1.0,172.73178101,200.19767761
784,wss.7446fa250adf49c5e7ef9fff09638f8e,Bottle,1.0,-0.05263150,0.67737019
785,wss.d712cc06d3eca23236c647555b2625fa,LightSwitch,1.0,-0.75531203,0.01558934
786,wss.dfa7aa13ee696833593ebeeedbff73b,Chair,1.0,51.05224228,40.10333252
787,wss.86f7ebdf535cee9a9989f623ede600e6,TV,1.0,31.30841446,49.36618805
788,wss.b9f70b9db06f6dea16b358f857bf811f,Chair,1.0,16.72584152,25.73663139
789,wss.89d6e1f7838d1ae21de46be151578565,TV,1.0,22.16792107,20.11554909
790,wss.8befcc7798ae971bef5d2a19d1cee3f1,Table,1.0,28.90843201,23.94532776
791,wss.69c28b2ccbdba67c10342a4f54da1ae5,Lamp,1.0,40.26603699,45.10865021
792,wss.2c1ecb41c0f0d2cd07c7bf20dae278a,Couch,1.0,190.72509766,220.92901611
793,wss.74b141b5e4f5af166388b3cd824d9a9,Desk,1.0,13.80800629,11.50980091
794,wss.8bd8c34158a3aa04f91663a74ccd2338,Chair,1.0,17.39096069,22.10971832
795,wss.710a0a005ba7b0cd6a6b5838ef6b356,Chair,1.0,16.76921463,19.25390816
796,wss.36633813dbc213c135836c728d324152,Vase,1.0,7.15398645,6.58976841
797,wss.fe56059777b240bb833c6c72c4b62a4d,Couch,1.0,186.52111816,221.67198181
798,wss.ade547855a0b32b16aa4c87a320ca9d7,Couch,1.0,47.55733490,68.11855316
799,wss.34d280e8968c180cdf63d1c7e43c783f,Table,1.0,50.36423874,50.23879623
800,wss.dfa26e8939042c3cf1c6425b93f63529,WallArt,1.0,19.29151154,32.43260956
801,wss.c45a6447cc8b8c17716c439e724594ce,Lamp,1.0,38.31170654,44.18215179
802,wss.244d019df47b3d3fa1580e4942a1e932,Desk,1.0,21.58184433,23.82180214
803,wss.2780e6d3eba01ccb6d075d8d4fe1141,Chair,1.0,31.34470940,29.48199463
804,wss.bebd2ba9dbe3e3fd2bfe1c7baa95295,Toilet,1.0,61.06199265,79.00053406
805,wss.6963476f01b4482ae3f7a74e12a274ef,Lamp,1.0,6.62389708,5.60203743
806,wss.ea99fc7937a35d86f1783a44a88d6274,ChestOfDrawers,1.0,78.48420715,54.37019348
807,wss.9c5b246616974299f1783a44a88d6274,Chair,1.0,25.92106819,30.43551254
808,wss.9791d9015b076a273d9408d05322e775,ChestOfDrawers,1.0,50.80044174,52.90620422
809,wss.dc1cf643acd002596d548b8ddff7bfc2,LightSwitch,1.0,0.53872693,0.37025058
810,wss.d1948365bbed9de270bb6bcb670ecdf5,Lamp,1.0,7.75243568,10.26681995
811,wss.4fbc051d0905bb5bdaeb838d0771f3b5,Couch,1.0,214.99960327,316.28710938
812,wss.4e15898f5e84edce4da5feafe6f1c8fc,Cabinet,1.0,67.81537628,92.77893066
813,wss.eed2fa156d662c79b26e384cea2f274e,Table,1.0,18.65510941,15.58380127
814,wss.c644689138389daa749ddac355b8e63d,Couch,1.0,189.19116211,205.28071594
815,wss.a069fa41fb01fd06ac88fc1a919bbb85,Table,1.0,23.93948746,27.21628571
816,wss.8fad924f79e60b1692048306732789ec,OutdoorTable,0.0,20.77600479,30.79260635
817,wss.f3ea5b0e6035e56d467c1480246c0abd,Stool,1.0,10.96853065,15.89401436
818,wss.d1fab6f92fb0682763a371f6fe9862af,Table,1.0,13.17824650,9.06370544
819,wss.6a5f32168895eac2b0892e337a99f42d,Chair,1.0,28.37943840,26.88203812
820,wss.3f8f1d7023ae4a1c73ffdca541f4749c,Couch,1.0,250.60974121,368.56893921
821,wss.6713fd67e66aa1c4c3bef1f91a7d19a5,TV,1.0,26.78144836,29.15142250
822,wss.4d79425941879243f7caac4574f766c5,ChestOfDrawers,1.0,50.38803864,48.45660400
823,wss.49aa237148bd02733f7f3ed2c3c690fe,WallArt,1.0,9.40860367,5.64011574
