epoch,train_huber_loss,val_huber_loss,val_mae,val_rmse,val_r2,lr,epoch_time_s
1,0.358273,0.088331,18.44023132,78.81096649,-0.25152977,3.00e-04,29.16
2,0.248717,0.155093,66.74229431,1015.58807373,-206.82754142,3.00e-04,29.08
3,0.197912,0.131786,25.46249390,215.15333557,-8.32747439,3.00e-04,29.34
4,0.171913,0.054748,12.95648193,26.98768425,0.85324289,2.99e-04,29.20
5,0.144349,0.057302,12.47401714,35.28288651,0.74916040,2.99e-04,29.17
6,0.143141,0.048208,15.05581760,36.18903732,0.73611058,2.98e-04,29.22
7,0.123080,0.041607,13.45315552,30.10011864,0.81744055,2.98e-04,29.23
8,0.133978,0.054297,15.24377155,34.19057465,0.76445128,2.97e-04,29.21
9,0.126185,0.064444,21.12027931,62.49013138,0.21315214,2.96e-04,29.25
10,0.124860,0.044640,14.87264729,34.37844467,0.76185559,2.95e-04,29.17
11,0.104021,0.050660,20.02913284,85.58090973,-0.47578024,2.94e-04,29.22
12,0.112439,0.056232,15.53818703,33.89983368,0.76844026,2.93e-04,29.21
13,0.098770,0.035353,14.83225918,35.05838394,0.75234238,2.92e-04,29.20
14,0.101931,0.035403,12.56232548,27.84761429,0.84374141,2.90e-04,29.21
15,0.105597,0.047490,16.86968613,38.46759415,0.70183412,2.89e-04,29.26
16,0.102379,0.057746,19.79020882,45.50961685,0.58267515,2.87e-04,29.19
17,0.089848,0.052120,16.34535789,37.04817963,0.72343215,2.86e-04,29.33
18,0.090766,0.083273,22.02545547,87.28725433,-0.53521624,2.84e-04,29.30
19,0.085454,0.055275,14.05689716,30.10191536,0.81741876,2.82e-04,29.32
20,0.080173,0.059163,13.98073483,30.76445007,0.80929319,2.81e-04,29.33
21,0.077831,0.053424,16.97134972,42.15772247,0.64188526,2.79e-04,29.36
22,0.079830,0.039147,11.23759842,24.75062943,0.87656440,2.77e-04,29.28
23,0.073618,0.032409,12.35233307,28.74657631,0.83349006,2.74e-04,29.23
24,0.067269,0.044112,12.98064709,33.31660843,0.77633942,2.72e-04,29.21
25,0.066904,0.038700,13.18962193,43.28850174,0.62241651,2.70e-04,29.22
26,0.066303,0.046140,17.31064224,38.34050751,0.70380095,2.68e-04,29.22
27,0.066441,0.037936,14.64048672,37.47318268,0.71705040,2.65e-04,29.21
28,0.070348,0.029894,10.05727577,23.85590553,0.88532739,2.63e-04,29.22
29,0.062434,0.032423,10.93790245,33.53031158,0.77346093,2.60e-04,29.22
30,0.055163,0.030556,11.17685318,41.02803802,0.66082061,2.58e-04,29.21
31,0.062638,0.067107,22.44102097,82.15556335,-0.36000911,2.55e-04,29.21
32,0.060598,0.028843,11.84515858,29.53371429,0.82424648,2.52e-04,29.20
33,0.056914,0.029636,11.32381058,26.44922256,0.85904071,2.49e-04,29.24
34,0.050232,0.030677,13.55313015,31.81035423,0.79610579,2.46e-04,29.25
35,0.053741,0.030229,11.52202225,27.89840126,0.84317096,2.43e-04,29.17
36,0.053928,0.043233,14.80373955,31.55244446,0.79939861,2.40e-04,29.21
37,0.050165,0.028307,9.50344467,24.23421669,0.88166155,2.37e-04,29.21
38,0.044229,0.030974,8.89238644,19.59435844,0.92263759,2.34e-04,29.20
39,0.041313,0.044532,14.80266380,36.28138351,0.73476207,2.31e-04,29.17
40,0.044814,0.025242,10.03623867,29.60275269,0.82342384,2.27e-04,29.20
41,0.042081,0.036515,13.82861996,35.21349335,0.75014614,2.24e-04,29.21
42,0.042735,0.043613,12.41399002,27.62900352,0.84618512,2.21e-04,29.21
43,0.042531,0.032544,13.19987965,29.03889656,0.83008640,2.17e-04,29.16
44,0.037854,0.028760,9.39699078,20.41901970,0.91598871,2.14e-04,29.23
45,0.039222,0.037371,13.70745945,61.31134415,0.24255765,2.10e-04,29.23
46,0.041593,0.040918,15.23933792,35.77872086,0.74206071,2.07e-04,29.20
47,0.039311,0.032097,9.80930233,34.75914764,0.75655206,2.03e-04,29.17
48,0.034910,0.035907,12.55649662,28.13273239,0.84052531,2.00e-04,29.21
49,0.037673,0.045730,23.21476936,284.14981079,-15.26906704,1.96e-04,29.18
50,0.035573,0.038696,16.36174393,50.06330109,0.49498200,1.93e-04,29.18
51,0.040675,0.039708,15.47862053,33.84830856,0.76914364,1.89e-04,29.17
52,0.039117,0.039369,15.47128868,35.67022324,0.74362273,1.85e-04,29.25
53,0.034115,0.020121,9.69378281,22.96455765,0.89373651,1.81e-04,29.21
54,0.032219,0.021843,9.13440990,20.67065239,0.91390533,1.78e-04,29.23
55,0.032754,0.025546,12.17869091,27.96588707,0.84241129,1.74e-04,29.24
56,0.031167,0.024822,10.52636814,24.37733269,0.88025972,1.70e-04,29.26
57,0.033659,0.026971,10.85330105,25.32948494,0.87072320,1.66e-04,29.24
58,0.034095,0.057580,17.34671974,37.19876480,0.72117933,1.63e-04,29.23
59,0.032771,0.025946,9.85563564,22.86227989,0.89468094,1.59e-04,29.24
60,0.030428,0.022434,8.33427143,18.43509865,0.93152078,1.55e-04,29.22
61,0.029411,0.022417,9.55930996,21.91027260,0.90326950,1.51e-04,29.21
62,0.031083,0.024998,8.74766541,16.95711517,0.94206089,1.47e-04,29.21
63,0.028277,0.035491,10.23277283,22.04333115,0.90209106,1.44e-04,29.23
64,0.026326,0.025340,10.71915722,24.44345665,0.87960924,1.40e-04,29.23
65,0.026433,0.025466,12.32170868,28.25813293,0.83910045,1.36e-04,29.20
66,0.029196,0.029050,10.84142685,23.44642639,0.88923024,1.32e-04,29.18
67,0.026712,0.025543,11.06928253,25.49007607,0.86907874,1.29e-04,29.21
68,0.025206,0.025758,10.88741970,24.73817444,0.87668860,1.25e-04,29.19
69,0.028016,0.025138,10.74422169,24.64360809,0.87762957,1.21e-04,29.25
70,0.025490,0.022014,8.99224186,20.74241638,0.91330648,1.17e-04,29.21
71,0.023555,0.020873,9.65490627,22.18033981,0.90087018,1.14e-04,29.21
72,0.026843,0.035107,14.22030735,30.63417625,0.81090489,1.10e-04,29.23
73,0.025776,0.023636,10.23149204,23.95147705,0.88440674,1.07e-04,29.20
