,airplane,bathtub,bed,bench,bookshelf,bottle,bowl,car,chair,cone,cup,curtain,desk,door,dresser,flower_pot,glass_box,guitar,keyboard,lamp,laptop,mantel,monitor,night_stand,person,piano,plant,radio,range_hood,sink,sofa,stairs,stool,table,tent,toilet,tv_stand,vase,wardrobe,xbox
airplane,100,0,0,0,0,0,0,0,0,0,0,0,0,0,0,0,0,0,0,0,0,0,0,0,0,0,0,0,0,0,0,0,0,0,0,0,0,0,0,0
bathtub,0,38,3,0,0,0,3,0,0,0,0,0,0,0,0,1,0,0,0,0,0,0,0,0,0,0,0,1,0,4,0,0,0,0,0,0,0,0,0,0
bed,0,0,98,0,0,0,0,0,0,0,0,0,0,0,0,0,0,0,0,0,0,0,0,0,0,0,0,2,0,0,0,0,0,0,0,0,0,0,0,0
bench,0,0,0,15,0,0,0,0,0,0,0,0,1,0,0,0,0,0,0,0,0,0,1,0,0,0,0,0,0,0,2,0,0,1,0,0,0,0,0,0
bookshelf,0,0,0,0,96,1,0,0,0,0,0,1,0,1,0,0,0,0,0,0,0,0,0,0,0,0,0,0,0,0,0,0,0,0,0,0,0,0,1,0
bottle,0,0,0,0,0,94,0,0,0,0,0,0,0,0,0,1,0,0,0,0,0,0,0,0,0,0,0,0,0,0,0,0,1,0,0,0,0,4,0,0
bowl,0,0,0,0,0,0,17,0,0,0,0,0,0,0,0,2,0,0,0,0,0,0,0,0,0,0,0,0,0,0,0,0,0,0,0,0,0,1,0,0
car,0,1,0,0,1,0,0,96,0,0,0,0,0,0,0,0,0,0,0,1,0,0,0,0,0,0,0,0,0,1,0,0,0,0,0,0,0,0,0,0
chair,0,0,0,0,0,0,0,0,99,0,0,0,0,0,0,0,0,0,0,0,0,0,0,0,0,0,0,0,0,0,0,0,1,0,0,0,0,0,0,0
cone,0,0,0,0,0,0,0,0,0,18,0,0,0,0,0,0,0,0,0,0,0,0,0,0,1,0,0,0,1,0,0,0,0,0,0,0,0,0,0,0
cup,0,0,0,0,0,0,1,0,0,0,12,0,0,0,0,1,0,0,0,0,0,0,0,0,0,0,0,0,0,0,0,0,0,0,0,0,0,6,0,0
curtain,0,0,0,0,0,0,0,0,0,0,0,15,0,5,0,0,0,0,0,0,0,0,0,0,0,0,0,0,0,0,0,0,0,0,0,0,0,0,0,0
desk,0,0,1,2,2,0,0,0,1,0,0,0,71,0,0,0,0,0,0,0,0,1,0,0,0,1,0,0,0,1,0,0,0,2,0,0,4,0,0,0
door,0,0,0,0,0,0,0,0,0,0,0,1,0,19,0,0,0,0,0,0,0,0,0,0,0,0,0,0,0,0,0,0,0,0,0,0,0,0,0,0
dresser,0,0,0,0,2,1,0,0,0,0,0,0,1,0,46,0,1,0,0,0,0,0,0,6,0,0,0,7,0,1,0,0,0,1,0,0,2,0,17,1
flower_pot,0,0,0,0,0,0,0,0,0,0,0,0,0,0,0,4,0,0,0,0,0,0,0,0,0,0,11,0,0,0,0,0,0,0,0,0,0,5,0,0
glass_box,0,0,0,0,0,0,0,0,0,0,0,1,0,0,1,0,87,0,0,0,0,0,0,0,0,0,0,11,0,0,0,0,0,0,0,0,0,0,0,0
guitar,0,0,0,0,0,0,0,0,0,0,0,0,0,0,0,0,0,100,0,0,0,0,0,0,0,0,0,0,0,0,0,0,0,0,0,0,0,0,0,0
keyboard,0,0,0,0,0,0,0,0,0,0,0,0,0,0,0,0,0,0,20,0,0,0,0,0,0,0,0,0,0,0,0,0,0,0,0,0,0,0,0,0
lamp,0,0,0,0,0,1,0,0,0,0,1,0,0,0,0,0,0,0,0,17,0,0,0,0,0,0,1,0,0,0,0,0,0,0,0,0,0,0,0,0
laptop,0,0,0,0,0,0,0,0,0,0,0,0,0,0,0,0,0,0,0,0,20,0,0,0,0,0,0,0,0,0,0,0,0,0,0,0,0,0,0,0
mantel,0,0,0,0,0,0,0,0,0,0,0,0,0,0,0,0,0,0,0,0,0,96,3,0,0,0,0,0,0,0,0,0,0,0,0,0,0,0,0,1
monitor,0,0,0,0,1,0,0,0,0,0,0,0,0,1,1,0,0,0,0,0,0,0,97,0,0,0,0,0,0,0,0,0,0,0,0,0,0,0,0,0
night_stand,0,0,0,0,1,0,0,0,1,0,0,0,2,0,11,0,0,0,0,0,0,0,0,58,0,0,0,5,0,0,0,0,0,3,0,0,5,0,0,0
person,0,0,0,0,0,0,0,0,0,1,0,0,0,0,0,0,0,0,0,0,0,0,0,0,16,0,3,0,0,0,0,0,0,0,0,0,0,0,0,0
piano,0,0,1,2,0,0,0,0,0,0,0,0,1,0,0,0,0,0,0,0,0,3,0,0,0,87,0,0,0,3,0,2,0,1,0,0,0,0,0,0
plant,0,0,0,0,1,0,0,0,0,0,0,0,0,0,0,13,0,0,1,1,0,0,0,0,0,0,84,0,0,0,0,0,0,0,0,0,0,0,0,0
radio,0,0,0,0,0,0,0,0,0,0,0,0,0,0,0,0,1,0,0,0,0,1,1,1,0,0,0,15,0,0,0,0,0,0,0,0,1,0,0,0
range_hood,0,0,0,0,0,0,0,0,0,0,0,0,0,0,0,0,0,0,0,0,0,6,0,0,0,0,0,2,90,0,0,0,0,0,1,1,0,0,0,0
sink,0,0,0,0,0,0,0,0,0,0,0,0,0,0,2,0,0,0,0,0,0,0,0,0,0,0,0,0,0,15,0,0,0,0,0,1,2,0,0,0
sofa,0,0,1,2,1,0,0,0,2,0,0,0,0,0,0,0,0,0,0,0,0,0,0,0,0,0,0,1,0,0,91,0,0,0,0,0,2,0,0,0
stairs,0,0,0,1,0,0,0,1,0,0,0,0,0,0,0,0,0,0,0,0,0,0,0,0,0,0,0,0,0,0,0,18,0,0,0,0,0,0,0,0
stool,0,0,0,0,1,0,0,0,4,0,0,0,0,0,0,0,0,0,0,0,0,0,0,0,0,0,0,0,0,0,0,0,14,1,0,0,0,0,0,0
table,0,0,0,5,0,0,0,0,0,0,0,0,23,0,0,0,0,0,0,0,0,0,0,1,0,4,0,0,0,0,0,0,0,67,0,0,0,0,0,0
tent,0,0,0,0,0,0,0,0,0,0,0,0,0,0,0,0,0,0,0,0,0,0,0,0,0,0,0,0,0,1,0,0,0,0,19,0,0,0,0,0
toilet,0,0,0,0,0,0,0,0,1,0,0,0,0,0,0,0,0,0,0,0,0,0,0,0,0,0,0,1,0,0,0,0,0,0,0,98,0,0,0,0
tv_stand,0,1,0,4,3,0,0,0,0,0,0,0,0,0,2,0,2,0,0,0,0,0,0,2,0,0,0,1,0,0,0,0,0,0,0,0,85,0,0,0
vase,0,0,0,0,0,2,0,0,0,0,6,0,0,0,0,3,0,0,0,0,0,0,0,0,0,0,1,1,1,0,0,0,0,0,0,0,0,86,0,0
wardrobe,0,0,0,0,1,0,0,0,0,0,0,0,0,1,3,0,0,0,0,0,0,0,0,0,0,0,0,0,0,0,0,0,0,0,0,0,0,0,15,0
xbox,0,0,0,0,0,1,0,0,0,0,0,0,0,0,0,0,0,0,0,0,0,0,0,0,0,0,0,1,0,0,0,0,0,0,0,0,0,0,1,17
